candidate_id,baseline_id,task_id,n_seeds,mean_cand_cost,sem_cand_cost,mean_base_cost,sem_base_cost,mean_diff,rel_improvement_pct,w_plus,w_minus,wilcoxon_w,p_raw,p_holm,p_bh,r_rb,cliffs_delta,cohens_d,is_significant,decision
CARPSDynamicRF_AdditiveEpistemic_ei_likelihood_credal,SMAC3_HPOFacade_ei,blackbox/20/dev/bbob/2/12/0,30,75307.09422731906,28112.18380621691,17228.356931560487,7804.560478757041,58078.737295758576,-337.1112957926046,96.0,310.0,112.0,0.014354013116368582,0.1578941442800544,0.03229652951182931,0.5270935960591133,0.4533333333333333,0.38515868877259296,True,LOSS
CARPSDynamicRF_AdditiveEpistemic_ei_likelihood_credal,SMAC3_HPOFacade_ei,blackbox/20/dev/bbob/2/12/1,30,1232.385134172764,525.7501318441592,-534.26511322627,53.9428107234415,1766.650247399034,-330.6692134043251,22.0,413.0,24.0,1.8820699202824002e-05,0.00031995188644800806,0.00016938629282541604,0.8988505747126436,0.8077777777777778,0.6026540172662102,True,LOSS
CARPSDynamicRF_AdditiveEpistemic_ei_likelihood_credal,SMAC3_HPOFacade_ei,blackbox/20/dev/bbob/2/20/0,30,205.33112770941628,12.892229266975331,185.45408307890153,0.5519390664072109,19.877044630514746,-10.718040983793301,47.0,418.0,47.0,3.904104232788086e-05,0.0006246566772460938,0.00023424625396728516,0.7978494623655914,0.5933333333333334,0.29189905268656013,True,LOSS
CARPSDynamicRF_AdditiveEpistemic_ei_likelihood_credal,SMAC3_HPOFacade_ei,blackbox/20/dev/bbob/4/6/1,30,85.01209901433293,5.3488461311211575,88.46911865969497,4.550383853531402,-3.4570196453620383,3.9076004121390637,271.0,194.0,194.0,0.4399667661637068,1.0,0.5279601193964482,-0.16559139784946236,-0.08888888888888889,-0.08843308909650978,False,TIE
CARPSDynamicRF_AdditiveEpistemic_ei_likelihood_credal,SMAC3_HPOFacade_ei,blackbox/20/dev/hpobench/blackbox/tabular/ml/lr/146818,30,0.1557073170731708,0.00012895503458561314,0.15593495934959353,0.00017554329074774203,-0.00022764227642274593,0.14598540145984226,68.5,36.5,132.5,0.47221839077790106,1.0,0.5312456896251387,-0.3047619047619048,-0.10222222222222223,-0.21128989128437414,False,TIE
CARPSDynamicRF_AdditiveEpistemic_ei_likelihood_credal,SMAC3_HPOFacade_ei,blackbox/20/dev/hpobench/blackbox/tabular/ml/rf/146212,30,0.0001370022059677371,1.8474532629362154e-05,4.605441387052877e-05,2.7544582687644886e-06,9.094779209720832e-05,-197.47899159652061,3.5,402.5,7.5,4.240893713948662e-06,7.633608685107593e-05,7.633608685107593e-05,0.9827586206896551,0.8155555555555556,0.9302859230498429,True,LOSS
CARPSDynamicRF_AdditiveEpistemic_ei_likelihood_credal,SMAC3_HPOFacade_ei,blackbox/20/dev/hpobench/blackbox/tabular/ml/xgboost/146212,30,2.3220712875904323e-06,8.623956260406554e-07,7.740237625301442e-07,5.377981607494259e-07,1.5480475250602882e-06,-199.99999999999997,9.0,27.0,53.0,0.15729920705028502,1.0,0.22781919900860106,0.5,0.13333333333333333,0.26276913640612176,False,TIE
CARPSDynamicRF_AdditiveEpistemic_ei_likelihood_credal,SMAC3_HPOFacade_ei,blackbox/20/dev/yahpo/lcbench/168335/None,30,-97.60983149210612,0.23474062424276518,-96.27106628417968,0.38200932147357136,-1.3387652079264427,1.39062052556329,369.0,96.0,96.0,0.004031794145703316,0.05644511803984642,0.013841434248856135,-0.5870967741935483,-0.3711111111111111,-0.6143774070790993,True,WIN
CARPSDynamicRF_AdditiveEpistemic_ei_likelihood_credal,SMAC3_HPOFacade_ei,blackbox/20/dev/yahpo/rbv2_aknn/1462/None,30,-0.9999112506707509,1.9236226214262895e-05,-0.999967892964681,1.9009435101767865e-06,5.664229393009812e-05,-0.005664411260462213,38.0,340.0,53.0,0.0002780580992852185,0.004170871489278277,0.001251261446783483,0.798941798941799,0.5688888888888889,0.5321668821311046,True,LOSS
CARPSDynamicRF_AdditiveEpistemic_ei_likelihood_credal,SMAC3_HPOFacade_ei,blackbox/20/dev/yahpo/rbv2_aknn/312/None,30,-0.9669137597084045,0.0002460329324504131,-0.9666580061117808,0.00029936512206614707,-0.0002557535966237756,0.026457505654197334,301.0,164.0,164.0,0.1641840822994709,1.0,0.22781919900860106,-0.2946236559139785,-0.06222222222222222,-0.12796020615353543,False,TIE
CARPSDynamicRF_AdditiveEpistemic_ei_likelihood_credal,SMAC3_HPOFacade_ei,blackbox/20/dev/yahpo/rbv2_aknn/40498/None,30,-0.7149352411429087,0.00773894656710947,-0.6811777631441752,0.009964268787877368,-0.03375747799873352,4.955751615102056,367.0,98.0,98.0,0.00466480478644371,0.060642462223768234,0.013841434248856135,-0.578494623655914,-0.5,-0.4995604398328179,True,WIN
CARPSDynamicRF_AdditiveEpistemic_ei_likelihood_credal,SMAC3_HPOFacade_ei,blackbox/20/dev/yahpo/rbv2_aknn/458/None,30,-0.9982777456442515,0.0001317101894268963,-0.9986280997594198,0.0001624795337408524,0.000350354115168261,-0.03508354263741077,100.0,365.0,100.0,0.005382779985666275,0.0645933598279953,0.013841434248856135,0.5698924731182796,0.5355555555555556,0.28827419423977046,True,LOSS
CARPSDynamicRF_AdditiveEpistemic_ei_likelihood_credal,SMAC3_HPOFacade_ei,blackbox/20/dev/yahpo/rbv2_glmnet/41157/None,30,-0.6432469228903452,0.006161753932957889,-0.6269322991371155,0.009544770631745574,-0.016314623753229784,2.602294342735983,299.0,166.0,166.0,0.17719271034002304,1.0,0.22781919900860106,-0.2860215053763441,-0.21333333333333335,-0.28020315580523525,False,TIE
CARPSDynamicRF_AdditiveEpistemic_ei_likelihood_credal,SMAC3_HPOFacade_ei,blackbox/20/dev/yahpo/rbv2_ranger/40927/None,30,-1.0,0.0,-1.0,0.0,0.0,0.0,0.0,0.0,0.0,1.0,1.0,1.0,0.0,0.0,0.0,False,TIE
CARPSDynamicRF_AdditiveEpistemic_ei_likelihood_credal,SMAC3_HPOFacade_ei,blackbox/20/dev/yahpo/rbv2_svm/182/None,30,-0.9245645006497701,0.0009458202834929453,-0.924794328212738,0.0013514808375348997,0.00022982756296785478,-0.024851748757155623,221.0,244.0,221.0,0.8235769439488649,1.0,0.8720226465340923,0.04946236559139785,0.07777777777777778,0.02728137348812486,False,TIE
CARPSDynamicRF_AdditiveEpistemic_ei_likelihood_credal,SMAC3_HPOFacade_ei,blackbox/20/dev/yahpo/rbv2_svm/24/None,30,-0.9999983171621959,1.4821291589036452e-07,-0.9999986052513122,9.889887906261874e-08,2.8808911634037315e-07,-2.8808951815285055e-05,153.0,282.0,165.0,0.16796519252299846,1.0,0.22781919900860106,0.296551724137931,0.21444444444444444,0.28771235632940484,False,TIE
CARPSDynamicRF_AdditiveEpistemic_ei_likelihood_credal,SMAC3_HPOFacade_ei,blackbox/20/dev/yahpo/rbv2_xgboost/23512/None,30,-0.9944491386413574,0.005550729818812281,-0.9634655276934306,0.011860007626694206,-0.030983610947926787,3.215850495668756,54.0,12.0,50.0,0.03626935900729955,0.32642423106569596,0.0652848462131392,-0.6363636363636364,-0.23333333333333334,-0.41538465361357835,True,WIN
CARPSDynamicRF_AdditiveEpistemic_ei_likelihood_credal,SMAC3_HPOFacade_ei,blackbox/20/dev/yahpo/rbv2_xgboost/42/None,30,-0.938097870349884,0.012573678958292886,-0.8752266883850097,0.0219685083733573,-0.06287118196487429,7.18341691349538,306.0,100.0,120.0,0.022389780910023065,0.22389780910023066,0.04477956182004613,-0.5073891625615764,-0.25,-0.4951885488842612,True,WIN
SMAC20_CustomUncertainty_ei_standard_disagreement,SMAC3_HPOFacade_ei,blackbox/20/dev/bbob/2/12/0,30,32423.72510340406,13173.151986971,17228.356931560487,7804.560478757041,15195.368171843573,-88.1997524906586,141.0,294.0,151.0,0.09568879925719145,1.0,0.4217359635267088,0.35172413793103446,0.22555555555555556,0.20725304118423576,False,TIE
SMAC20_CustomUncertainty_ei_standard_disagreement,SMAC3_HPOFacade_ei,blackbox/20/dev/bbob/2/12/1,30,-583.174638523183,9.328960306839209,-534.26511322627,53.9428107234415,-48.90952529691299,9.154542208747776,199.0,266.0,199.0,0.5027610473334789,1.0,0.7572695521339524,0.14408602150537633,0.04,-0.15918065298641065,False,TIE
SMAC20_CustomUncertainty_ei_standard_disagreement,SMAC3_HPOFacade_ei,blackbox/20/dev/bbob/2/20/0,30,185.18005123835195,0.16469710891269876,185.45408307890153,0.5519390664072109,-0.27403184054958274,0.14776263536510856,195.0,270.0,195.0,0.4521643426269293,1.0,0.7572695521339524,0.16129032258064516,0.15333333333333332,-0.08787381913081742,False,TIE
SMAC20_CustomUncertainty_ei_standard_disagreement,SMAC3_HPOFacade_ei,blackbox/20/dev/bbob/4/6/1,30,90.39374559382773,3.9641984276537863,88.46911865969497,4.550383853531402,1.9246269341327604,-2.1754788148574464,194.0,241.0,206.0,0.5927846322229917,1.0,0.7686099907649415,0.10804597701149425,0.15222222222222223,0.0776660969707044,False,TIE
SMAC20_CustomUncertainty_ei_standard_disagreement,SMAC3_HPOFacade_ei,blackbox/20/dev/hpobench/blackbox/tabular/ml/lr/146818,30,0.1559024390243903,0.00017123159626914597,0.15593495934959353,0.00017554329074774203,-3.252032520323356e-05,0.020855057351395864,66.5,53.5,158.5,0.7553063543574258,1.0,0.906367625228911,-0.10833333333333334,-0.0077777777777777776,-0.035925056740709435,False,TIE
SMAC20_CustomUncertainty_ei_standard_disagreement,SMAC3_HPOFacade_ei,blackbox/20/dev/hpobench/blackbox/tabular/ml/rf/146212,30,4.721544951432251e-05,3.0456392820069208e-06,4.605441387052877e-05,2.7544582687644886e-06,1.1610356437937412e-06,-2.5210084033589526,116.5,159.5,186.5,0.5048463680893016,1.0,0.7572695521339524,0.15579710144927536,0.016666666666666666,0.061489550314774356,False,TIE
SMAC20_CustomUncertainty_ei_standard_disagreement,SMAC3_HPOFacade_ei,blackbox/20/dev/hpobench/blackbox/tabular/ml/xgboost/146212,30,7.740237625301442e-07,5.377981607494257e-07,7.740237625301442e-07,5.377981607494259e-07,0.0,0.0,1.5,1.5,29.5,1.0,1.0,1.0,0.0,0.0,0.0,False,TIE
SMAC20_CustomUncertainty_ei_standard_disagreement,SMAC3_HPOFacade_ei,blackbox/20/dev/yahpo/lcbench/168335/None,30,-96.51957677205404,0.39299276474662365,-96.27106628417968,0.38200932147357136,-0.2485104878743556,0.258136216275807,256.0,179.0,191.0,0.3990346766059545,1.0,0.7572695521339524,-0.17701149425287357,-0.11444444444444445,-0.11579221256307959,False,TIE
SMAC20_CustomUncertainty_ei_standard_disagreement,SMAC3_HPOFacade_ei,blackbox/20/dev/yahpo/rbv2_aknn/1462/None,30,-0.9999345898628235,2.680405205706437e-05,-0.999967892964681,1.9009435101767865e-06,3.330310185756247e-05,-0.003330417115576203,112.0,239.0,156.0,0.14057865450890292,1.0,0.4217359635267088,0.36182336182336183,0.2477777777777778,0.22575616989981154,False,TIE
SMAC20_CustomUncertainty_ei_standard_disagreement,SMAC3_HPOFacade_ei,blackbox/20/dev/yahpo/rbv2_aknn/312/None,30,-0.9665847599506379,0.0002557794507711509,-0.9666580061117808,0.00029936512206614707,7.324616114290361e-05,-0.007577256969869206,206.0,259.0,206.0,0.5978077705949545,1.0,0.7686099907649415,0.11397849462365592,0.11333333333333333,0.05741596300762585,False,TIE
SMAC20_CustomUncertainty_ei_standard_disagreement,SMAC3_HPOFacade_ei,blackbox/20/dev/yahpo/rbv2_aknn/40498/None,30,-0.6798591295878093,0.009119350876907883,-0.6811777631441752,0.009964268787877368,0.0013186335563659668,-0.19358141555875633,169.0,296.0,169.0,0.19807579927146435,1.0,0.4456705483607948,0.2731182795698925,0.04666666666666667,0.024931325209656578,False,TIE
SMAC20_CustomUncertainty_ei_standard_disagreement,SMAC3_HPOFacade_ei,blackbox/20/dev/yahpo/rbv2_aknn/458/None,30,-0.9986605564753215,0.00016445081272658223,-0.9986280997594198,0.0001624795337408524,-3.245671590168531e-05,0.003250130444907817,228.0,237.0,228.0,0.9262531429006026,1.0,1.0,0.01935483870967742,-0.09333333333333334,-0.08230976009476183,False,TIE
SMAC20_CustomUncertainty_ei_standard_disagreement,SMAC3_HPOFacade_ei,blackbox/20/dev/yahpo/rbv2_glmnet/41157/None,30,-0.6406752685705821,0.009020532892968605,-0.6269322991371155,0.009544770631745574,-0.013742969433466645,2.19209784730854,286.0,149.0,160.0,0.13860690554385485,1.0,0.4217359635267088,-0.31494252873563217,-0.17222222222222222,-0.26864202302685486,False,TIE
SMAC20_CustomUncertainty_ei_standard_disagreement,SMAC3_HPOFacade_ei,blackbox/20/dev/yahpo/rbv2_ranger/40927/None,30,-1.0,0.0,-1.0,0.0,0.0,0.0,0.0,0.0,0.0,1.0,1.0,1.0,0.0,0.0,0.0,False,TIE
SMAC20_CustomUncertainty_ei_standard_disagreement,SMAC3_HPOFacade_ei,blackbox/20/dev/yahpo/rbv2_svm/182/None,30,-0.9216864347457886,0.0015481960751398014,-0.924794328212738,0.0013514808375348997,0.0031078934669493963,-0.33606320585418453,132.0,274.0,154.0,0.1131525221746761,1.0,0.4217359635267088,0.3497536945812808,0.23555555555555555,0.3337867275249402,False,TIE
SMAC20_CustomUncertainty_ei_standard_disagreement,SMAC3_HPOFacade_ei,blackbox/20/dev/yahpo/rbv2_svm/24/None,30,-0.9999987781047821,7.384862677061657e-08,-0.9999986052513122,9.889887906261874e-08,-1.7285346987083727e-07,1.7285371095832382e-05,242.5,135.5,162.5,0.1675147279206204,1.0,0.4307521575101667,-0.2830687830687831,-0.18,-0.2579047302437278,False,TIE
SMAC20_CustomUncertainty_ei_standard_disagreement,SMAC3_HPOFacade_ei,blackbox/20/dev/yahpo/rbv2_xgboost/23512/None,30,-0.9836771468321482,0.008931017567947452,-0.9634655276934306,0.011860007626694206,-0.020211619138717607,2.097804078896825,51.0,15.0,72.0,0.1170142704775385,1.0,0.4217359635267088,-0.5454545454545454,-0.13666666666666666,-0.2998865433929632,False,TIE
SMAC20_CustomUncertainty_ei_standard_disagreement,SMAC3_HPOFacade_ei,blackbox/20/dev/yahpo/rbv2_xgboost/42/None,30,-0.9120876888434092,0.01777673292274664,-0.8752266883850097,0.0219685083733573,-0.03686100045839946,4.211594658569691,240.0,111.0,155.0,0.1352864794873382,1.0,0.4217359635267088,-0.36752136752136755,-0.13,-0.3329034898054414,False,TIE
SMAC20_CustomUncertainty_ei_standard_proximity,SMAC3_HPOFacade_ei,blackbox/20/dev/bbob/2/12/0,30,18884.65306416691,11437.035463844104,17228.356931560487,7804.560478757041,1656.2961326064215,-9.613778836751784,199.0,236.0,213.0,0.6959309442940154,1.0,0.887804138409225,0.08505747126436781,0.08333333333333333,0.03145033766511327,False,TIE
SMAC20_CustomUncertainty_ei_standard_proximity,SMAC3_HPOFacade_ei,blackbox/20/dev/bbob/2/12/1,30,-480.691279729782,80.01491473848252,-534.26511322627,53.9428107234415,53.57383349648802,-10.027574732134648,194.0,271.0,194.0,0.4399667661637068,1.0,0.8455542924761597,0.16559139784946236,0.13555555555555557,0.10344641378325423,False,TIE
SMAC20_CustomUncertainty_ei_standard_proximity,SMAC3_HPOFacade_ei,blackbox/20/dev/bbob/2/20/0,30,185.24538477310386,0.187765793879511,185.45408307890153,0.5519390664072109,-0.20869830579766813,0.11253368075421523,182.0,283.0,182.0,0.308520769700408,1.0,0.8455542924761597,0.2172043010752688,0.17777777777777778,-0.06559808009540967,False,TIE
SMAC20_CustomUncertainty_ei_standard_proximity,SMAC3_HPOFacade_ei,blackbox/20/dev/bbob/4/6/1,30,88.78221718140189,4.0996192059312255,88.46911865969497,4.550383853531402,0.31309852170691954,-0.35390713330295887,199.0,207.0,225.0,0.9017565617668736,1.0,0.954801065400219,0.019704433497536946,0.09111111111111111,0.014684011554733126,False,TIE
SMAC20_CustomUncertainty_ei_standard_proximity,SMAC3_HPOFacade_ei,blackbox/20/dev/hpobench/blackbox/tabular/ml/lr/146818,30,0.15580487804878054,0.000156195651826605,0.15593495934959353,0.00017554329074774203,-0.00013008130081298974,0.08342022940561905,50.0,28.0,118.0,0.4977402431242589,1.0,0.8455542924761597,-0.28205128205128205,-0.058888888888888886,-0.1280007062127233,False,TIE
SMAC20_CustomUncertainty_ei_standard_proximity,SMAC3_HPOFacade_ei,blackbox/20/dev/hpobench/blackbox/tabular/ml/rf/146212,30,4.68284376330604e-05,4.4701764265601385e-06,4.605441387052877e-05,2.7544582687644886e-06,7.740237625316319e-07,-1.6806722689113338,123.5,107.5,179.5,0.522001379881609,1.0,0.8455542924761597,-0.06926406926406926,-0.07333333333333333,0.02804545111878009,False,TIE
SMAC20_CustomUncertainty_ei_standard_proximity,SMAC3_HPOFacade_ei,blackbox/20/dev/hpobench/blackbox/tabular/ml/xgboost/146212,30,3.870118812650721e-07,3.870118812650721e-07,7.740237625301442e-07,5.377981607494259e-07,-3.870118812650721e-07,50.0,4.0,2.0,29.0,0.5637028616507731,1.0,0.8455542924761597,-0.3333333333333333,-0.03333333333333333,-0.10421815207042286,False,TIE
SMAC20_CustomUncertainty_ei_standard_proximity,SMAC3_HPOFacade_ei,blackbox/20/dev/yahpo/lcbench/168335/None,30,-96.60388997395833,0.33907573665652874,-96.27106628417968,0.38200932147357136,-0.3328236897786496,0.34571517967423077,276.0,189.0,189.0,0.3817984350025654,1.0,0.8455542924761597,-0.1870967741935484,-0.09555555555555556,-0.13981543256230028,False,TIE
SMAC20_CustomUncertainty_ei_standard_proximity,SMAC3_HPOFacade_ei,blackbox/20/dev/yahpo/rbv2_aknn/1462/None,30,-0.9999603271484375,3.917877182228353e-06,-0.999967892964681,1.9009435101767865e-06,7.565816243504386e-06,-0.0007566059167233294,137.0,269.0,161.0,0.14922772524237835,1.0,0.7388283703476191,0.3251231527093596,0.2111111111111111,0.3188243738015166,False,TIE
SMAC20_CustomUncertainty_ei_standard_proximity,SMAC3_HPOFacade_ei,blackbox/20/dev/yahpo/rbv2_aknn/312/None,30,-0.966749366124471,0.00024941341441042246,-0.9666580061117808,0.00029936512206614707,-9.136001269027805e-05,0.00945112046997452,207.0,228.0,219.0,0.7891592341415333,1.0,0.887804138409225,0.04827586206896552,0.02,-0.053711743704541334,False,TIE
SMAC20_CustomUncertainty_ei_standard_proximity,SMAC3_HPOFacade_ei,blackbox/20/dev/yahpo/rbv2_aknn/40498/None,30,-0.6934052149454752,0.009284040572473127,-0.6811777631441752,0.009964268787877368,-0.012227451801300027,1.7950456492972766,301.0,164.0,164.0,0.1641840822994709,1.0,0.7388283703476191,-0.2946236559139785,-0.1511111111111111,-0.3284753261809376,False,TIE
SMAC20_CustomUncertainty_ei_standard_proximity,SMAC3_HPOFacade_ei,blackbox/20/dev/yahpo/rbv2_aknn/458/None,30,-0.9985980093479156,0.00016357795049369187,-0.9986280997594198,0.0001624795337408524,3.0090411504146708e-05,-0.003013174925820314,218.0,247.0,218.0,0.765513273408791,1.0,0.887804138409225,0.06236559139784946,0.01888888888888889,0.07430500666124723,False,TIE
SMAC20_CustomUncertainty_ei_standard_proximity,SMAC3_HPOFacade_ei,blackbox/20/dev/yahpo/rbv2_glmnet/41157/None,30,-0.6188418944676717,0.007679383249148303,-0.6269322991371155,0.009544770631745574,0.008090404669443774,-1.2904750131041394,203.0,262.0,203.0,0.5561132747679949,1.0,0.8455542924761597,0.12688172043010754,0.06,0.15831265886194534,False,TIE
SMAC20_CustomUncertainty_ei_standard_proximity,SMAC3_HPOFacade_ei,blackbox/20/dev/yahpo/rbv2_ranger/40927/None,30,-1.0,0.0,-1.0,0.0,0.0,0.0,0.0,0.0,0.0,1.0,1.0,1.0,0.0,0.0,0.0,False,TIE
SMAC20_CustomUncertainty_ei_standard_proximity,SMAC3_HPOFacade_ei,blackbox/20/dev/yahpo/rbv2_svm/182/None,30,-0.9233880499998729,0.001844256973093412,-0.924794328212738,0.0013514808375348997,0.0014062782128650975,-0.1520638881493659,195.0,240.0,208.0,0.6215419034249061,1.0,0.8605964816652546,0.10344827586206896,0.027777777777777776,0.12295012292720972,False,TIE
SMAC20_CustomUncertainty_ei_standard_proximity,SMAC3_HPOFacade_ei,blackbox/20/dev/yahpo/rbv2_svm/24/None,30,-0.9999987363815308,7.864989116365017e-08,-0.9999986052513122,9.889887906261874e-08,-1.3113021857247276e-07,1.3113040146642812e-05,170.0,106.0,169.0,0.30487711509668247,1.0,0.8455542924761597,-0.2318840579710145,-0.13444444444444445,-0.20798294015857574,False,TIE
SMAC20_CustomUncertainty_ei_standard_proximity,SMAC3_HPOFacade_ei,blackbox/20/dev/yahpo/rbv2_xgboost/23512/None,30,-0.9799235741297404,0.0096040633013867,-0.9634655276934306,0.011860007626694206,-0.01645804643630977,1.708213315707402,46.0,20.0,77.0,0.14767896820098234,1.0,0.7388283703476191,-0.3939393939393939,-0.16,-0.2115353224657021,False,TIE
SMAC20_CustomUncertainty_ei_standard_proximity,SMAC3_HPOFacade_ei,blackbox/20/dev/yahpo/rbv2_xgboost/42/None,30,-0.9221833070119222,0.016712154166583955,-0.8752266883850097,0.0219685083733573,-0.04695661862691247,5.365080755656344,258.0,93.0,129.0,0.04243759388116159,0.7638766898609086,0.7388283703476191,-0.4700854700854701,-0.17555555555555555,-0.407615995849144,True,WIN
