iteration,config_id,optimizer_id,k,decay_lambda,eps,loss_normalized_regret
1,cfg_001,SMAC20_ProximityLCB_iter001,25,1.345,0.1678,0.07946156438713561
2,cfg_002,SMAC20_ProximityLCB_iter002,8,0.6803813379258,0.1317016451806,0.020422072627622138
3,cfg_003,SMAC20_ProximityLCB_iter003,24,1.1588663859293,0.0751344578713,0.020812250311898425
4,cfg_004,SMAC20_ProximityLCB_iter004,13,1.6432612825185,0.1954405817948,0.016598828039604163
5,cfg_005,SMAC20_ProximityLCB_iter005,18,0.2091992041096,0.0489804253541,0.016356082117337613
6,cfg_006,SMAC20_ProximityLCB_iter006,27,0.5390523955226,0.176995251514,0.026187506320196556
7,cfg_007,SMAC20_ProximityLCB_iter007,11,1.9733548836783,0.031241052486,0.020690816334167632
8,cfg_008,SMAC20_ProximityLCB_iter008,22,1.5019118346274,0.1494371261634,0.024238193540569188
9,cfg_009,SMAC20_ProximityLCB_iter009,16,1.023653302528,0.0935702314414,0.014759031715305678
10,cfg_010,SMAC20_ProximityLCB_iter010,23,0.9188529925421,0.1820463208109,0.02025465737600893
11,cfg_011,SMAC20_ProximityLCB_iter011,15,1.3966797158122,0.0585064772516,0.026132485182469616
12,cfg_012,SMAC20_ProximityLCB_iter012,17,1.0015358537059,0.1060542263421,0.02769737033067017
13,cfg_013,SMAC20_ProximityLCB_iter013,19,0.9158176257032,0.0986736216389,0.016633168461695394
14,cfg_014,SMAC20_ProximityLCB_iter014,18,0.8284938339927,0.0752098380589,0.014396259749101593
15,cfg_015,SMAC20_ProximityLCB_iter015,17,0.6890668400974,0.0874564612732,0.019017654365914786
16,cfg_016,SMAC20_ProximityLCB_iter016,19,0.7499764604848,0.0773042327985,0.020296429282006256
17,cfg_017,SMAC20_ProximityLCB_iter017,16,0.7404721459858,0.0905042972283,0.026115709117787024
18,cfg_018,SMAC20_ProximityLCB_iter018,18,1.0346883308538,0.0849080598489,0.0181836849835938
19,cfg_019,SMAC20_ProximityLCB_iter019,17,0.841132890784,0.090058563198,0.01753371706160501
20,cfg_020,SMAC20_ProximityLCB_iter020,18,0.7973879016678,0.0762479791199,0.014872667702893382
21,cfg_021,SMAC20_ProximityLCB_iter021,18,0.8164705005016,0.0754528279729,0.02729054772826113
22,cfg_022,SMAC20_ProximityLCB_iter022,18,0.832640712497,0.0755705980896,0.01678343222694592
23,cfg_023,SMAC20_ProximityLCB_iter023,18,0.8054848394689,0.0760903865585,0.02340059095190161
24,cfg_024,SMAC20_ProximityLCB_iter024,18,0.7921957466045,0.075600171805,0.015135057993281992
25,cfg_025,SMAC20_ProximityLCB_iter025,18,0.8250607616486,0.0758826387502,0.030541207014457283
26,cfg_026,SMAC20_ProximityLCB_iter026,13,1.166329697141,0.1427190026754,0.014639868365788724
27,cfg_027,SMAC20_ProximityLCB_iter027,13,1.8281481549914,0.0487049109607,0.01947369285152601
28,cfg_028,SMAC20_ProximityLCB_iter028,14,1.0842162688193,0.0318826273251,0.01853616553488485
29,cfg_029,SMAC20_ProximityLCB_iter029,22,0.8279008007975,0.0752616840063,0.020821652839884543
30,cfg_030,SMAC20_ProximityLCB_iter030,22,0.8280616865537,0.0752098380589,0.018779943530131266
31,cfg_031,SMAC20_ProximityLCB_iter031,22,0.6293314462454,0.0752211036357,0.016634766037395717
32,cfg_032,SMAC20_ProximityLCB_iter032,19,0.6182540230966,0.075216406516,0.015431738406893365
33,cfg_033,SMAC20_ProximityLCB_iter033,24,0.5785028577345,0.0752466806165,0.02145754155200796
34,cfg_034,SMAC20_ProximityLCB_iter034,19,0.8280765369792,0.0216463664736,0.023489594683252388
35,cfg_035,SMAC20_ProximityLCB_iter035,12,0.8299213883796,0.1523600898514,0.029178364640314598
36,cfg_036,SMAC20_ProximityLCB_iter036,25,0.6989651650111,0.1130579027078,0.021271627158780792
37,cfg_037,SMAC20_ProximityLCB_iter037,6,1.3616391265222,0.1572028975883,0.02424732246405751
38,cfg_038,SMAC20_ProximityLCB_iter038,16,1.2313098482796,0.1382051148081,0.022052980689253803
39,cfg_039,SMAC20_ProximityLCB_iter039,16,1.2242550336312,0.1400423012432,0.020741492263216987
40,cfg_040,SMAC20_ProximityLCB_iter040,16,1.3003418574922,0.1387330634915,0.02047621744400497
41,cfg_041,SMAC20_ProximityLCB_iter041,16,1.3010784331968,0.1400807716226,0.033777115390747764
42,cfg_042,SMAC20_ProximityLCB_iter042,16,1.2534124214324,0.1385741924552,0.026159919463748696
43,cfg_043,SMAC20_ProximityLCB_iter043,16,1.2154054598198,0.1395119230348,0.025759818660535325
44,cfg_044,SMAC20_ProximityLCB_iter044,18,0.8287623028243,0.0752150854225,0.025954850754892473
45,cfg_045,SMAC20_ProximityLCB_iter045,10,0.443854231319,0.0673754387387,0.019525106372147737
46,cfg_046,SMAC20_ProximityLCB_iter046,18,0.7983655274506,0.0549899659918,0.014504612416460847
47,cfg_047,SMAC20_ProximityLCB_iter047,18,0.7986939184504,0.0555217497547,0.02313628455707104
48,cfg_048,SMAC20_ProximityLCB_iter048,18,0.7976201619107,0.0632884783111,0.03490988488743494
49,cfg_049,SMAC20_ProximityLCB_iter049,18,0.8001664662435,0.058732863118,0.02469007868808569
50,cfg_050,SMAC20_ProximityLCB_iter050,18,0.7983110628514,0.0466623737169,0.027794975751025193
51,cfg_051,SMAC20_ProximityLCB_iter051,18,0.8001637989045,0.0445395426591,0.018924708793623075
52,cfg_052,SMAC20_ProximityLCB_iter052,19,0.7983655274506,0.0498212133116,0.027182238562165253
53,cfg_053,SMAC20_ProximityLCB_iter053,5,0.7983649839452,0.0498208897376,0.13814494988177065
54,cfg_054,SMAC20_ProximityLCB_iter054,26,1.6232616135003,0.1869023490641,0.02027904347203205
55,cfg_055,SMAC20_ProximityLCB_iter055,24,0.7983672415147,0.0523764280177,0.024965212267093768
56,cfg_056,SMAC20_ProximityLCB_iter056,19,0.8284938339927,0.0752098380589,0.024678831706042306
57,cfg_057,SMAC20_ProximityLCB_iter057,12,0.7984440603201,0.0754655059983,0.017170226046874047
58,cfg_058,SMAC20_ProximityLCB_iter058,13,1.613522519868,0.1154945223254,0.02426683687725391
59,cfg_059,SMAC20_ProximityLCB_iter059,13,0.9742175071182,0.1009652962684,0.026158391849928735
60,cfg_060,SMAC20_ProximityLCB_iter060,18,0.7983655274506,0.0545611144627,0.01829105040377212
61,cfg_061,SMAC20_ProximityLCB_iter061,18,0.7950437739355,0.0566374034425,0.021909435607805797
62,cfg_062,SMAC20_ProximityLCB_iter062,18,0.7971795041765,0.055288501697,0.017014635613788298
63,cfg_063,SMAC20_ProximityLCB_iter063,6,0.7185864940512,0.082538166453,0.02999750719893935
64,cfg_064,SMAC20_ProximityLCB_iter064,18,0.7970894475964,0.0551747297784,0.029923691944171864
65,cfg_065,SMAC20_ProximityLCB_iter065,29,0.456766896831,0.1225021338489,0.013847582729727395
66,cfg_066,SMAC20_ProximityLCB_iter066,18,0.7963668318206,0.0550759612322,0.024131530802589923
67,cfg_067,SMAC20_ProximityLCB_iter067,18,0.7959494332892,0.0537920382215,0.01855182697562692
68,cfg_068,SMAC20_ProximityLCB_iter068,28,0.4829139695205,0.126402512731,0.02000036767765708
69,cfg_069,SMAC20_ProximityLCB_iter069,29,0.3784962401494,0.1245190259468,0.019135440838787952
70,cfg_070,SMAC20_ProximityLCB_iter070,14,1.6865383496264,0.0462586998943,0.01811568431692367
71,cfg_071,SMAC20_ProximityLCB_iter071,19,0.8752920750474,0.0285395722999,0.01612362428425803
72,cfg_072,SMAC20_ProximityLCB_iter072,28,0.4338175811214,0.1198540880421,0.018492505917887942
73,cfg_073,SMAC20_ProximityLCB_iter073,23,1.4260529417852,0.1847637689342,0.021610401502180916
74,cfg_074,SMAC20_ProximityLCB_iter074,13,1.5081314703867,0.0763452922748,0.025098215620554462
75,cfg_075,SMAC20_ProximityLCB_iter075,28,0.3398392505312,0.1065308265321,0.018780875496621715
76,cfg_076,SMAC20_ProximityLCB_iter076,29,0.4534648796,0.1148880874101,0.019182050761063014
77,cfg_077,SMAC20_ProximityLCB_iter077,26,1.7848878373488,0.1609317531139,0.022239318502772984
78,cfg_078,SMAC20_ProximityLCB_iter078,30,0.4567360875436,0.1177407373441,0.01845217907029577
79,cfg_079,SMAC20_ProximityLCB_iter079,11,0.786497790883,0.1071185267119,0.02504656594735763
80,cfg_080,SMAC20_ProximityLCB_iter080,29,0.454193328502,0.1187585401604,0.020358253230275746
81,cfg_081,SMAC20_ProximityLCB_iter081,29,0.4557863769604,0.1184371527439,0.024802541960498376
82,cfg_082,SMAC20_ProximityLCB_iter082,30,0.4574915833843,0.1223249122947,0.030577979436761153
83,cfg_083,SMAC20_ProximityLCB_iter083,29,0.4561894081095,0.0670218750448,0.016899371306693625
84,cfg_084,SMAC20_ProximityLCB_iter084,29,0.4570880809638,0.1227693069605,0.02701682076218934
85,cfg_085,SMAC20_ProximityLCB_iter085,26,0.5215722430811,0.0919679314998,0.020011411727500636
86,cfg_086,SMAC20_ProximityLCB_iter086,29,0.456766896831,0.1225848534901,0.01396113489430511
87,cfg_087,SMAC20_ProximityLCB_iter087,28,0.2048673607452,0.0807919426431,0.013378455520501407
88,cfg_088,SMAC20_ProximityLCB_iter088,30,0.6449871379111,0.1227826662614,0.01884680135525817
89,cfg_089,SMAC20_ProximityLCB_iter089,6,1.5237286056542,0.0786616827208,0.020523165080467032
90,cfg_090,SMAC20_ProximityLCB_iter090,30,0.6457796610439,0.1227035608851,0.07538078561004526
91,cfg_091,SMAC20_ProximityLCB_iter091,30,0.6480307398132,0.1230576999907,0.021133091183174482
92,cfg_092,SMAC20_ProximityLCB_iter092,22,1.9546745764869,0.1563315334073,0.015865080118022307
93,cfg_093,SMAC20_ProximityLCB_iter093,18,0.456766896831,0.1226240510234,0.014180785087082447
94,cfg_094,SMAC20_ProximityLCB_iter094,22,0.456766896831,0.1225384652424,0.018168879316946336
95,cfg_095,SMAC20_ProximityLCB_iter095,30,0.2019036518801,0.0548109127666,0.024610295107055417
96,cfg_096,SMAC20_ProximityLCB_iter096,30,0.2000885849634,0.0549292902494,0.017253594444454873
97,cfg_097,SMAC20_ProximityLCB_iter097,26,0.6567217036545,0.0568991018597,0.027200091858209
98,cfg_098,SMAC20_ProximityLCB_iter098,30,0.2068993816558,0.0549782186213,0.02006062893158958
99,cfg_099,SMAC20_ProximityLCB_iter099,30,0.2018835564176,0.0548884392814,0.021172359008315062
100,cfg_100,SMAC20_ProximityLCB_iter100,26,0.2053449251283,0.1633333885579,0.021596378376929463
