dimension,sampling_strategy,n_experiments,dist_norm_slcb_mean,dist_norm_slcb_sem,dist_inf_slcb_mean,dist_inf_slcb_sem,diff_slcb_mean,pvalue_slcb,cliffs_delta_slcb,wins_slcb,ties_slcb,losses_slcb,dist_norm_plcb_mean,dist_norm_plcb_sem,dist_inf_plcb_mean,dist_inf_plcb_sem,diff_plcb_mean,pvalue_plcb,cliffs_delta_plcb,wins_plcb,ties_plcb,losses_plcb
2,natural,1,0.09601298110833671,0.0,0.13344428888819485,0.0,0.03743130777985813,1.0,1.0,1,0,0,-0.24510132643511184,0.0,-0.22652451620498806,0.0,0.01857681023012378,1.0,1.0,1,0,0
2,stratified,1,0.1956269494801815,0.0,0.2287348791399438,0.0,0.03310792965976231,1.0,1.0,1,0,0,-0.5817845413929499,0.0,-0.5745662298303819,0.0,0.007218311562568025,1.0,1.0,1,0,0
16,natural,1,0.03301233704099544,0.0,0.021182587119668753,0.0,-0.011829749921326686,1.0,-1.0,0,0,1,-0.07403132294675396,0.0,-0.04224636303613906,0.0,0.031784959910614904,1.0,1.0,1,0,0
16,stratified,1,0.6369765341499747,0.0,0.6323335956639928,0.0,-0.004642938485981851,1.0,-1.0,0,0,1,-0.627194384926439,0.0,-0.6244234835521117,0.0,0.002770901374327228,1.0,1.0,1,0,0
2,All,2,0.1458199652942591,0.049806984185922394,0.18108958401406933,0.047645295125874475,0.03526961871981022,0.5,0.5,2,0,0,-0.41344293391403086,0.168341607478919,-0.40054537301768495,0.17402085681269688,0.012897560896345903,0.5,0.5,2,0,0
16,All,2,0.3349944355954851,0.3019820985544896,0.3267580913918308,0.305575504272162,-0.008236344203654268,0.5,-0.5,0,0,2,-0.35061285393659647,0.2765815309898425,-0.3333349232941254,0.2910885602579863,0.017277930642471066,0.5,0.5,2,0,0
All,natural,2,0.06451265907466608,0.03150032203367063,0.0773134380039318,0.05613085088426305,0.012800778929265724,1.0,0.0,1,0,1,-0.1595663246909329,0.08553500174417894,-0.13438543962056357,0.0921390765844245,0.025180885070369342,0.5,0.5,2,0,0
All,stratified,2,0.41630174181507806,0.2206747923348966,0.43053423740196833,0.2017993582620245,0.014232495586890229,1.0,0.0,1,0,1,-0.6044894631596944,0.022704921766744542,-0.5994948566912468,0.024928626860864944,0.004994606468447627,0.5,0.5,2,0,0
All,All,4,0.24040720044487207,0.13636190427678407,0.2539238377029501,0.13307649428032628,0.013516637258077977,0.625,0.0,2,0,2,-0.38202789392531367,0.13342291755183155,-0.36694014815590514,0.13980607449542032,0.015087745769408484,0.125,0.25,4,0,0
