dimension,sampling_strategy,n_experiments,spearman_dist_plcb_mean,spearman_dist_plcb_sem,spearman_dist_slcb_mean,spearman_dist_slcb_sem,spearman_dist_diff_mean,spearman_dist_pvalue,spearman_dist_cliffs_delta,spearman_dist_wins,spearman_dist_ties,spearman_dist_losses,spearman_err_plcb_mean,spearman_err_plcb_sem,spearman_err_slcb_mean,spearman_err_slcb_sem,spearman_err_diff_mean,spearman_err_pvalue,spearman_err_cliffs_delta,spearman_err_wins,spearman_err_ties,spearman_err_losses,picp_error_plcb_mean,picp_error_plcb_sem,picp_error_slcb_mean,picp_error_slcb_sem,picp_error_diff_mean,picp_error_pvalue,picp_error_cliffs_delta,picp_error_wins,picp_error_ties,picp_error_losses,winkler_plcb_mean,winkler_plcb_sem,winkler_slcb_mean,winkler_slcb_sem,winkler_diff_mean,winkler_pvalue,winkler_cliffs_delta,winkler_wins,winkler_ties,winkler_losses,outlier_auroc_plcb_mean,outlier_auroc_plcb_sem,outlier_auroc_slcb_mean,outlier_auroc_slcb_sem,outlier_auroc_diff_mean,outlier_auroc_pvalue,outlier_auroc_cliffs_delta,outlier_auroc_wins,outlier_auroc_ties,outlier_auroc_losses
2,natural,6,-0.33759232744099665,0.035915696709686806,0.13193695790843296,0.017430149495143123,-0.46952928534942967,0.03125,-1.0,0,0,6,-0.37722221330408834,0.04417303652091053,0.06469751596994432,0.01883688103901766,-0.4419197292740327,0.03125,-1.0,0,0,6,0.7200666666666665,0.004403988091617765,0.621,0.007070454959430362,0.09906666666666665,0.03125,1.0,0,0,6,148.52010683178412,2.3929334363825294,119.28982841726383,2.4524496493561085,29.230278414520285,0.03125,1.0,0,0,6,0.3114030925925926,0.02766320266681948,0.4396472870370371,0.019948885655091647,-0.12824419444444446,0.03125,-1.0,0,0,6
2,stratified,6,-0.6925918711632694,0.029180574814556284,0.4414643589318268,0.07858547021631473,-1.1340562300950963,0.03125,-1.0,0,0,6,-0.5455255956265124,0.03243347871143169,0.24052299545557065,0.06949366714280239,-0.786048591082083,0.03125,-1.0,0,0,6,0.5321333333333333,0.004237189844434368,0.4711833333333333,0.002897518095044633,0.06095,0.03125,1.0,0,0,6,168.8734088822948,2.0349662096711696,146.821369268369,2.0745971846253806,22.0520396139258,0.03125,1.0,0,0,6,0.24770031481481483,0.02082660861543985,0.5625965,0.033704600718932026,-0.31489618518518525,0.03125,-1.0,0,0,6
16,natural,6,-0.13957330494539663,0.02828676565470166,0.04027150517801311,0.016972137945318537,-0.17984481012340972,0.03125,-1.0,0,0,6,-0.13175894424345003,0.029776968452990663,0.033183220098143645,0.01918903965477061,-0.16494216434159364,0.03125,-1.0,0,0,6,0.9495499999999999,6.708203932500285e-05,0.9492166666666666,5.426273532032638e-05,0.0003333333333333706,0.03125,1.0,0,0,6,460.7760955329872,4.315427856189841,428.23449637432856,1.9590130025645955,32.541599158658606,0.03125,1.0,0,0,6,0.437748,0.015043447090915067,0.5089426296296297,0.01095177696300752,-0.07119462962962961,0.03125,-0.8888888888888888,0,0,6
16,stratified,6,-0.6312447229255432,0.03455511649359897,0.6800707721967446,0.020024237045733577,-1.3113154951222878,0.03125,-1.0,0,0,6,-0.23696815383697714,0.025281507696938762,0.2744658753836673,0.01933858923605409,-0.5114340292206444,0.03125,-1.0,0,0,6,0.7251166666666666,0.00910415350876243,0.6797833333333333,0.001930529576164137,0.045333333333333316,0.03125,1.0,0,0,6,206.35096774656495,3.2248429472027564,195.3851425057543,0.5671952214082813,10.96582524081065,0.03125,1.0,0,0,6,0.259230787037037,0.017352539263901123,0.7144162129629631,0.01268127827248341,-0.455185425925926,0.03125,-1.0,0,0,6
2,All,12,-0.515092099302133,0.05788686226548911,0.28670065842012993,0.06041562004333741,-0.8017927577222631,0.002200340526906492,-1.0,0,0,12,-0.46137390446530024,0.03641862206880939,0.1526102557127575,0.04336855213764231,-0.6139841601780579,0.002200340526906492,-1.0,0,0,12,0.6261,0.028481424036580667,0.5460916666666665,0.022877590789974707,0.08000833333333333,0.002200340526906492,0.5,0,0,12,158.6967578570395,3.4143050784161724,133.0555988428164,4.424031402072144,25.641159014223046,0.002200340526906492,0.8055555555555556,0,0,12,0.2795517037037037,0.019097862790153526,0.5011218935185185,0.02630938756294448,-0.22157018981481488,0.002200340526906492,-1.0,0,0,12
16,All,12,-0.38540901393546995,0.07711896876808261,0.3601711386873789,0.09726175290452664,-0.7455801526228486,0.002200340526906492,-1.0,0,0,12,-0.18436354904021357,0.024461102052824448,0.15382454774090548,0.03862386288610516,-0.33818809678111905,0.002200340526906492,-1.0,0,0,12,0.8373333333333332,0.03411185551782089,0.8144999999999999,0.04062903686236773,0.022833333333333344,0.0021916819945457977,0.5,0,0,12,333.5635316397761,38.44191927892895,311.80981944004145,35.11682322187635,21.753712199734622,0.002200340526906492,0.5,0,0,12,0.34848939351851854,0.029054241795182068,0.6116794212962962,0.031989684353126206,-0.2631900277777778,0.002200340526906492,-0.9722222222222222,0,0,12
All,natural,12,-0.23858281619319666,0.036961994326966556,0.08610423154322304,0.018041108993107704,-0.3246870477364197,0.002200340526906492,-1.0,0,0,12,-0.2544905787737692,0.04488152751087536,0.048940368034043995,0.013671157550411818,-0.3034309468078132,0.002200340526906492,-1.0,0,0,12,0.8348083333333333,0.0346595770540504,0.7851083333333332,0.049595207579956654,0.049700000000000015,0.0021916819945457977,0.5,0,0,12,304.6481011823857,47.13310286255472,273.7621623957962,46.59919289960674,30.885938786589445,0.002200340526906492,0.5,0,0,12,0.3745755462962963,0.024251811764284776,0.4742949583333333,0.015061117217025055,-0.09971941203703705,0.002200340526906492,-0.6944444444444444,0,0,12
All,stratified,12,-0.6619182970444063,0.023461328345735763,0.5607675655642858,0.05280742940908008,-1.222685862608692,0.002200340526906492,-1.0,0,0,12,-0.39124687473174474,0.05047919162010655,0.2574944354196189,0.0347672871205389,-0.6487413101513638,0.002200340526906492,-1.0,0,0,12,0.6286250000000001,0.029484572558193783,0.5754833333333332,0.031491407758724645,0.05314166666666665,0.002200340526906492,0.5,0,0,12,187.6121883144299,5.935207765205978,171.10325588706164,7.3927124896884635,16.508932427368226,0.002200340526906492,0.5,0,0,12,0.25346555092592593,0.013039741912991565,0.6385063564814816,0.02861077932854884,-0.3850408055555556,0.002200340526906492,-1.0,0,0,12
All,All,24,-0.4502505566188015,0.04905394482870849,0.3234358985537544,0.05651237046020627,-0.7736864551725559,1.814373762485085e-05,-1.0,0,0,24,-0.32286872675275696,0.035976636598628764,0.15321740172683146,0.02839921628546838,-0.4760861284795885,1.814373762485085e-05,-1.0,0,0,24,0.7317166666666667,0.03093916639000173,0.6802958333333332,0.03609668401766644,0.05142083333333333,1.812588280620125e-05,0.375,0,0,24,246.1301447484078,26.24012000145275,222.43270914142894,25.434029023155976,23.697435606978832,1.814373762485085e-05,0.3263888888888889,0,0,24,0.3140205486111111,0.018459034056874133,0.5564006574074075,0.023304340444113007,-0.24238010879629632,1.814373762485085e-05,-0.9097222222222222,0,0,24
