dimension,stratum,n_experiments,winkler_plcb_mean,winkler_plcb_sem,winkler_slcb_mean,winkler_slcb_sem,winkler_ratio,picp_plcb_mean,picp_plcb_sem,picp_slcb_mean,picp_slcb_sem,auroc_plcb_mean,auroc_plcb_sem,auroc_slcb_mean,auroc_slcb_sem
2,0,1600,3.916540800761313,0.15006524586034856,3.0227914126080395,0.03329277709609445,0.25902810214280875,0.8222172636530755,0.006599967083820267,0.9838788442915842,0.002868339585147275,0.5276373451039014,0.00507867028862879,0.7034000638618562,0.005798835601579873
2,1,1600,15.347297553615888,0.3283236839724247,6.618022097978123,0.1385074093135706,0.8411428548288615,0.5956058149647947,0.004415816683311699,0.9097799055515046,0.0030523760732690114,0.36325691995582005,0.0044238564977100185,0.5940658737741082,0.005895133354019465
2,2,1600,118.88343714687686,2.4576047265862084,87.04529060905743,2.079942868090436,0.3117149283821555,0.150434783268598,0.00406360947779901,0.4657543269794808,0.009597337807273659,0.462240031854686,0.004736017096855157,0.5662536235390074,0.005864027385134177
2,3,1600,282.1017984570484,6.080289427873018,246.97500530739356,5.827500497797686,0.13298085481403119,0.11900090738435094,0.004095074092928993,0.39878627421146445,0.00914217883721841,0.4652228209766942,0.004299896946007096,0.5618149358777487,0.0047435216349404645
2,All,1600,92.9242220244497,1.9114342570435685,72.60317302526275,1.7201806413804277,0.24677571761027361,0.38943881249999995,0.0035647714925568855,0.6763705625,0.005304347545001515,0.40240582628472227,0.005366857789425687,0.6236845914930556,0.005978888676310125
3,0,1600,7.1905168803427095,0.37778696826119756,4.4361323818278695,0.1729694831211955,0.4829801462760261,0.7324627869449511,0.0093041784522701,0.8844322853716803,0.007474188101923166,0.5848081927497648,0.0045643409489862855,0.6347994928636999,0.00630880925377242
3,1,1600,15.888282578695737,0.3618981508546274,7.401343260966262,0.16559150723512425,0.7639203873235725,0.5975746078133315,0.0052812273133594455,0.8844431643842355,0.0036118035842638784,0.3373354439203969,0.00340541297128321,0.5278031829472349,0.005609464679546066
3,2,1600,117.65427036793895,2.4869277752500123,89.08478574364466,2.154241836380099,0.2781618466794476,0.14933742010296816,0.00428458448698652,0.412818342689865,0.009167605204121052,0.431933624214507,0.0044364000844779265,0.519969541652437,0.005822331273940052
3,3,1600,295.1579014752974,6.315112904749792,259.053096865074,6.0932901942829165,0.13047742448849625,0.06197717290941801,0.0021024579077697936,0.22023587059422464,0.005734690016316746,0.45218890815147694,0.00413784902137044,0.5819088880346228,0.005133238541404523
3,All,1600,105.48523900234859,2.1305641444224572,84.23694281823342,1.9268938769786925,0.22493745262180745,0.31942149999999997,0.004003946164616786,0.5587285624999999,0.005395367835120805,0.40023729788194445,0.005344125744187448,0.5941580813541667,0.005735900644987607
5,0,1600,15.981835000883985,0.6808987287987136,13.197198677381987,0.5256023548600073,0.19144817917994023,0.5844491779190402,0.010960630245293802,0.6390865477492654,0.01122276953388803,0.561749677864624,0.005842482586213617,0.5660065469683622,0.0075339335089151015
5,1,1600,15.771331181863333,0.367200346872385,7.50599914136077,0.16247679576955726,0.7424912233864956,0.6169554391649139,0.005940570319736988,0.8797552810657436,0.0038967209192740165,0.3686990969276074,0.0026576068990608907,0.5450168436007004,0.004003207686570398
5,2,1600,118.96755611659765,2.607527233212483,91.56459767021914,2.28955583510817,0.2618061096056306,0.18372914295490983,0.005519659572981824,0.41237679162285007,0.009535945417236673,0.4198035747171028,0.0035199872542339542,0.4926168941743535,0.0043967795482296535
5,3,1600,311.3555197822818,6.688908069737101,274.7080977584317,6.477452193646743,0.12522633848619483,0.05425247092758295,0.002779242815035291,0.20565853156972558,0.0063311436918807185,0.45690388413402905,0.003228561994942982,0.5369272521359428,0.0037839309434389554
5,All,1600,127.56638217758727,2.620370170013992,105.07260063111453,2.3736170702208286,0.19398532783143302,0.268872875,0.004650640251216803,0.452051625,0.006267283016725187,0.4200170532986111,0.005562809726799266,0.5668340174652777,0.005061014249945208
8,0,1600,48.69110428715603,1.7512716369339667,51.46128349571717,1.5746657442894507,-0.05533339826618378,0.20659022222222223,0.012823096765069751,0.09900222222222223,0.009428904268959714,0.4841751960493827,0.00490138849823231,0.6224996217283951,0.008167620943486997
8,1,1600,13.957083053549422,0.31355784190593033,6.734058875541511,0.1252228120234942,0.7288090614549376,0.6503709406952123,0.006092504818177497,0.8957844898166415,0.0033378972664696955,0.4129990223393945,0.002837274221935869,0.5741138170309443,0.0030620565718767114
8,2,1600,128.3651249668978,2.917720506153229,101.26536471629653,2.615882582919432,0.2371342971970433,0.20391018123180032,0.006386221770714568,0.39801041281385835,0.00960007292030043,0.4064004445545425,0.0026387849506624714,0.49469916712732115,0.003306802511459179
8,3,1600,334.00498646092814,7.176276483069669,297.7755721818735,6.953465593211009,0.11481583309965832,0.07641239747936358,0.0039967731524063145,0.21264642093055983,0.007964343192067978,0.4427994876618375,0.002611635292992526,0.5160235471652725,0.0030020086073161397
8,All,1600,159.14948579924408,3.3482843717449207,136.2432389102332,3.072181979686283,0.15540211316898067,0.23073874999999996,0.004993085333556652,0.36919406250000003,0.007093152638850643,0.45049200722222227,0.0058825337906939935,0.5368268522916666,0.004882988808033041
16,0,1600,111.53531329441142,2.944816669434704,124.23528818029655,2.7518293673055787,-0.10783600106034003,0.007789000000000001,0.002785771796895875,0.0,0.0,0.46382943777777785,0.003915085522174542,0.61063219,0.007815470231292483
16,1,1600,9.423516744801208,0.23799393930557045,4.876602391820003,0.05956074981252539,0.6587596001933548,0.7421701492537314,0.007706413618903435,0.9411762189054727,0.0032872404388094535,0.44771147064676614,0.006634811722488603,0.5913198102819237,0.00660369472973198
16,2,1600,152.07792812046236,3.6476891069521784,126.59465406057882,3.3616296999430886,0.18340279266241935,0.22680460149046255,0.007206412855231571,0.36911539590551967,0.009739209412170585,0.4195039619774225,0.002043836362466363,0.5043472331160505,0.001835457692324104
16,3,1600,379.10064458868015,8.104093916434442,345.0424640054758,7.866504187501616,0.09413422930292178,0.10790644045229661,0.005342359480519419,0.21678151124353495,0.009192343516924427,0.44157149831609444,0.0019934341323114804,0.5043414515995056,0.0016647057652107126
16,All,1600,220.43308973308697,4.818175168942081,198.64032569680782,4.525752450891605,0.10409842008264159,0.21338731249999998,0.005459755716705846,0.32760449999999997,0.007881188941332828,0.4789848929166666,0.006036571229673489,0.5018137546875,0.004825993955127877
32,0,1600,210.63022665090074,4.3872180327626955,226.792813563133,4.283034660356001,-0.07393276936349928,0.0,0.0,0.0,0.0,0.43826745888888896,0.004208055682165678,0.5788095388888889,0.007377954228180942
32,1,1600,10.96675606279409,0.2314376005972491,5.815643660926549,0.06934599395713142,0.6343170510923744,0.737295,0.0069665990696319135,0.9256409999999999,0.001864868377750268,0.43794806555555554,0.0031352075917596444,0.6776544266666668,0.0018297245233502462
32,2,1600,193.7797794076104,4.524013959053319,169.5229633728748,4.2589543664600615,0.13373396182069439,0.21968543582126737,0.007444824282216783,0.32135300970719405,0.009785824395918007,0.44326884525464083,0.0019304327696177208,0.5226109065862302,0.00125828792930162
32,3,1600,479.20456972958095,10.109663445776834,446.8465414154765,9.881940400230327,0.06991235504473467,0.12161388331357166,0.005861194874828362,0.21378823367867475,0.0093261467920319,0.4489293922803252,0.0015932889109434869,0.5132543157439821,0.0009927707905549618
32,All,1600,318.89435721247605,6.9627116197464005,297.95100738156316,6.666325427385601,0.06793081109387664,0.2126343125,0.005708923245456672,0.3082444375,0.008091218494001547,0.4978372770138889,0.005651218856019879,0.5017058483333333,0.004888917576282751
All,0,9600,47.24611700080425,1.004239242962443,49.34074417750652,1.0414402342588591,-0.043379722942818395,0.49517385830511057,0.005329455143984302,0.5617723676520613,0.005676704007175228,0.525499662866718,0.0022325545556031424,0.6244565491201283,0.002996158690690373
All,1,9600,13.927787854406079,0.13817363718485415,6.604477697322565,0.05774618861385976,0.7461381127743284,0.6465052557636071,0.002545020024149704,0.9031978312227557,0.0014347389618885524,0.3889878918197027,0.0017255062773931203,0.5761231422571302,0.002124535571721017
All,2,9600,138.288016021064,1.3345549330695468,110.84627602877858,1.2214714719281328,0.2211942420536669,0.18898359414500107,0.002454694023438821,0.396571379953128,0.003933119830689503,0.430525080428817,0.0014001560773946008,0.5167495610325666,0.0017141171785757033
All,3,9600,346.82090341563617,3.151614258297369,311.7334629222875,3.065047389733853,0.10665998102732858,0.09019387874443062,0.00175184295780047,0.2446494737046974,0.003371229230836762,0.45126933192007623,0.0012865296567947321,0.5357117317595125,0.001479790648486038
All,All,9600,170.74212932486546,1.832367711339668,149.1245480772025,1.7448921650789133,0.13537255274163892,0.27241559374999996,0.002062050833378614,0.44869895833333334,0.003071815778949242,0.44166239243634264,0.0023357688802299087,0.5541705242708334,0.002191859264900458
