n_train,k_over_n_ratio,dimension,n_experiments,spearman_dist_plcb_mean,spearman_dist_plcb_sem,spearman_dist_slcb_mean,spearman_dist_slcb_sem,spearman_dist_diff_mean,spearman_dist_pvalue,spearman_dist_cliffs_delta,spearman_dist_wins,spearman_dist_ties,spearman_dist_losses,spearman_err_plcb_mean,spearman_err_plcb_sem,spearman_err_slcb_mean,spearman_err_slcb_sem,spearman_err_diff_mean,spearman_err_pvalue,spearman_err_cliffs_delta,spearman_err_wins,spearman_err_ties,spearman_err_losses,picp_error_plcb_mean,picp_error_plcb_sem,picp_error_slcb_mean,picp_error_slcb_sem,picp_error_diff_mean,picp_error_pvalue,picp_error_cliffs_delta,picp_error_wins,picp_error_ties,picp_error_losses,winkler_plcb_mean,winkler_plcb_sem,winkler_slcb_mean,winkler_slcb_sem,winkler_diff_mean,winkler_pvalue,winkler_cliffs_delta,winkler_wins,winkler_ties,winkler_losses,outlier_auroc_plcb_mean,outlier_auroc_plcb_sem,outlier_auroc_slcb_mean,outlier_auroc_slcb_sem,outlier_auroc_diff_mean,outlier_auroc_pvalue,outlier_auroc_cliffs_delta,outlier_auroc_wins,outlier_auroc_ties,outlier_auroc_losses
112,0.25,2,400,-0.3999411943609577,0.01762375670951652,-0.004359394768419911,0.022128596047880804,-0.39558179959253786,2.0152374840582366e-57,-0.5097875,53,0,347,-0.16265022552072472,0.016501042964470233,0.14702598062122635,0.018009942280901428,-0.30967620614195107,1.5709070455276206e-30,-0.476625,121,0,279,0.5057587499999999,0.007472276835836062,0.27263974999999996,0.010703447111211415,0.23311900000000002,2.7505574395522115e-67,0.58215,1,0,399,89.10646621211377,3.8492347203330164,72.42100818671334,3.47258532458907,16.68545802540043,2.73006926195335e-67,0.3748,0,0,400,0.41865429125000003,0.010994280653651711,0.614181481388889,0.011496508651022126,-0.1955271901388889,2.138043762197234e-41,-0.4879375,83,0,317
112,0.25,3,400,-0.44786315997483434,0.013983543216948271,-0.0024423842144799045,0.021251365832581297,-0.44542077576035444,5.458791900382473e-58,-0.5989375,46,0,354,-0.1626234984332213,0.016915496036215085,0.09102536729078305,0.017807146371512827,-0.25364886572400436,1.2517250558710075e-20,-0.3944125,139,0,261,0.5850537499999999,0.008157521382295007,0.38248324999999994,0.011242052112507957,0.2025705,9.14664026720871e-66,0.52575625,4,0,396,99.00005236516233,4.1550507218188315,81.21304832958974,3.7273496101668457,17.787004035572597,2.7506638910602246e-67,0.394475,1,0,399,0.4209229858333333,0.011060732893421419,0.6033262661111111,0.010328185025475424,-0.18240328027777775,1.8623308728088246e-35,-0.4655125,105,0,295
112,0.25,5,400,-0.4537519459848106,0.012883982988917025,0.05642333484311786,0.020351171832120332,-0.5101752808279285,2.3038183200169445e-60,-0.6950125,40,0,360,-0.1149413260155322,0.01671835156678936,0.046055606748712945,0.01620970914755256,-0.16099693276424518,1.520366087600197e-09,-0.27435,156,0,244,0.6281329999999999,0.010294366121189431,0.4900597499999999,0.01293537221723208,0.13807325,5.038421054556796e-58,0.322525,22,0,378,119.70314786845373,5.1872393908789425,103.094415249234,4.70123525444046,16.60873261921972,4.971426518896424e-66,0.1863,15,0,385,0.45306775611111105,0.01132708590276656,0.5535270841666667,0.009421899831973031,-0.10045932805555555,8.229839354075998e-13,-0.309125,132,0,268
112,0.25,8,400,-0.4274916674951335,0.012316967102618894,0.16213252027112943,0.018167132120529967,-0.5896241877662629,1.5607438459540397e-65,-0.82875,19,0,381,-0.07587619573973407,0.01577781336472306,0.03306635083057998,0.014527809659363225,-0.10894254657031403,6.849836150985574e-07,-0.221825,138,0,262,0.66741575,0.011604542713796809,0.5745527500000001,0.014404534368803762,0.09286299999999999,2.6516882638793398e-51,0.2141625,19,0,381,148.77427400968244,6.5344244207723206,132.72435549066523,6.032641118656715,16.049918519017233,2.4650050880107493e-62,0.1249625,27,0,373,0.48555392333333336,0.011765242602373414,0.5286522469444445,0.009267120765162583,-0.04309832361111111,8.312643445123648e-05,-0.1811875,145,0,255
112,0.25,16,400,-0.3645491586081333,0.012432973399166571,0.21962288282782805,0.015509587111570342,-0.5841720414359614,1.1431518662358901e-66,-0.917425,9,0,391,-0.029421039363158617,0.013573697793932768,-0.0059751203261263,0.011324232036569829,-0.023445919037032324,0.0012881295906455802,-0.1531125,137,0,263,0.67942925,0.013088759418155705,0.62084925,0.01574599856473368,0.05857999999999999,2.1169116117814704e-59,0.15194375,20,4,376,216.4173846405043,9.85855226543801,203.93074428150248,9.404146503377323,12.48664035900183,4.734200546339671e-48,0.066675,69,0,331,0.49114071430555556,0.011093398632774028,0.4944671952777778,0.008719889412535676,-0.003326480972222221,0.004278573276329561,-0.1342375,142,0,258
112,0.25,32,400,-0.2910547388166595,0.012162132628232082,0.3011957309503047,0.015263987920116415,-0.5922504697669642,2.943124523887167e-67,-0.9748625,4,0,396,0.016978456044401166,0.011738925152082094,0.013321251792798937,0.011493691007612812,0.003657204251602266,0.005856265043384481,-0.1492875,136,0,264,0.692187,0.013427960059364554,0.6431167500000001,0.016085889670058258,0.04907024999999999,9.507596109698757e-53,0.1238125,16,99,285,317.1238046260524,14.037228849310884,304.6031496369324,13.60790408888098,12.520654989119961,4.149528250851081e-47,0.0654625,65,0,335,0.5108233066666666,0.009741567078068617,0.4971667376388889,0.009816680030331825,0.013656569027777773,0.013657529756913351,-0.1108875,135,0,265
112,0.25,All,2400,-0.3974419775400882,0.005704690772579205,0.1220954483182467,0.008083146509305587,-0.519537425858335,0.0,-0.7110006944444445,171,0,2229,-0.0880889715046616,0.006394800478754937,0.05408657282632916,0.006263211372323888,-0.14217554433099078,7.878574514517141e-56,-0.2772826388888889,827,0,1573,0.6263295833333333,0.004642510921836271,0.4972835833333333,0.006204236248028698,0.12904600000000002,0.0,0.2501638888888889,82,103,2215,165.02085495366148,3.691873369243394,149.6644535291062,3.56488130177268,15.356401424555298,0.0,0.1241392361111111,177,0,2223,0.46336049625000003,0.004548951138200252,0.5485535019212963,0.004143012108240307,-0.08519300567129627,1.4288285946897748e-62,-0.2808829861111111,742,0,1658
224,0.125,2,400,-0.4247789257467818,0.017693633538252845,0.03884751023398938,0.02452290590928789,-0.46362643598077113,1.3069390891107184e-55,-0.5308,64,0,336,-0.21419733003179764,0.016609005319173333,0.18489684078035318,0.01908317501004848,-0.3990941708121508,7.4984436476353e-39,-0.5630875,102,0,298,0.5568067499999999,0.0065292996529865265,0.27751075,0.010296095813272328,0.279296,2.7300116288666032e-67,0.70803125,0,0,400,93.9100439041107,3.8546665538733955,73.04775882644722,3.477472623587579,20.86228507766344,2.73006926195335e-67,0.38515,0,0,400,0.3877171681944445,0.01116587086781669,0.6190862109722223,0.012164441960849887,-0.23136904277777778,2.2902748006544787e-46,-0.54,74,0,326
224,0.125,3,400,-0.434247166118632,0.016016053989602506,-0.004404331190791826,0.022667033666770794,-0.42984283492784015,5.215955731973002e-49,-0.5361125,69,0,331,-0.1955405452614686,0.017465385641967465,0.06667149291539863,0.01959322864037566,-0.2622120381768672,1.1969056637216771e-20,-0.3766625,138,0,262,0.62137575,0.007628178122659519,0.39251025,0.010861227305018154,0.2288655,1.2309328698318625e-65,0.6013625,7,0,393,104.28658853295792,4.253924315945301,84.09294222219239,3.8548196583560816,20.19364631076556,2.73006926195335e-67,0.442975,0,0,400,0.39654259430555555,0.011317927541533147,0.5825530169444445,0.011549180782512982,-0.1860104226388889,7.329769224877573e-36,-0.4362125,94,0,306
224,0.125,5,400,-0.46734709805041347,0.013555442607454374,0.05942159041669861,0.02187036101617867,-0.5267686884671121,3.767909083254425e-56,-0.6650375,48,0,352,-0.15120678110868266,0.01687398300865512,0.034310275148779434,0.017295874721010015,-0.1855170562574621,1.322739141213815e-11,-0.30135,142,0,258,0.6797457499999999,0.00887946834557644,0.5011927499999999,0.012698285738943795,0.178553,8.80975101367909e-54,0.44650625,28,0,372,128.15746914412176,5.296344499962245,106.45986734739594,4.811748879242733,21.697601796725838,3.344025133186454e-67,0.257175,3,0,397,0.4200908911111111,0.011455322131704266,0.5603715798611111,0.009624060273940586,-0.14028068875,6.697444959703483e-20,-0.3987375,120,0,280
224,0.125,8,400,-0.43672602434609736,0.013361831984962162,0.14537887662853893,0.019644815050564365,-0.5821049009746363,3.8721953180865007e-59,-0.7668125,32,0,368,-0.12060693172686658,0.016239122130318542,0.01317631232298595,0.01587638962439186,-0.1337832440498525,3.992772025214299e-07,-0.23915,145,0,255,0.71724775,0.009760324402572507,0.5824575,0.014288123079579699,0.13479024999999997,1.1948562170248265e-48,0.274625,31,0,369,159.36764673789673,6.695974520495206,137.34182548675028,6.159273320421872,22.025821251146443,1.7967948626955988e-65,0.160525,20,0,380,0.45789988291666667,0.011908324546034656,0.5183670640277778,0.009613127101933992,-0.060467181111111115,2.257763930028964e-05,-0.2127625,144,0,256
224,0.125,16,400,-0.38057079328167304,0.014395601975234137,0.21746881845376376,0.01739826299634554,-0.5980396117354368,5.151848150213775e-63,-0.84655,22,0,378,-0.07237752002559589,0.014534140975003437,-0.0035448312784837023,0.012673850457445035,-0.0688326887471122,4.396113421693323e-06,-0.2056625,125,0,275,0.7294852499999999,0.010963203305164492,0.61908625,0.015774468266396897,0.110399,7.1487849188493975e-65,0.21474375,4,3,393,215.60162864099956,9.484457794895908,194.12641127545703,8.91157494251859,21.47521736554252,1.088150939672486e-59,0.11305,41,0,359,0.4765741179166667,0.01197753678288133,0.4961876718055555,0.009570395845120868,-0.019613553888888885,0.00021442886966987674,-0.1780125,139,0,261
224,0.125,32,400,-0.3551297394543668,0.013606902401551605,0.28465797943968274,0.01612592504279379,-0.6397877188940495,5.365340862314838e-67,-0.9515125,8,0,392,-0.023644695392362233,0.013230658039773729,0.0061930641214408945,0.011864194735845676,-0.029837759513803165,0.0003049585541381347,-0.1748,131,0,269,0.73065975,0.011427517568649731,0.6411377500000001,0.01610932696181782,0.08952199999999999,9.60466656808255e-58,0.16641875,8,94,298,313.5810712097793,13.709884898635888,293.3191571004401,13.111185336597288,20.26191410933912,2.4617009032659393e-55,0.0927875,59,0,341,0.49507735555555554,0.011322839159282594,0.4944010580555556,0.009866732458397276,0.0006762974999999827,0.0042553278242097176,-0.12825,133,0,267
224,0.125,All,2400,-0.41646662449966076,0.00610688420816328,0.12356174066364692,0.008650934058824005,-0.5400283651633078,0.0,-0.6875430555555555,243,0,2157,-0.12959563392446227,0.006622527478926735,0.05028385900174573,0.006789497165438385,-0.17987949292620797,2.941724669318179e-70,-0.3143670138888889,783,0,1617,0.6725535,0.004035770994267055,0.502315875,0.006124515564790084,0.17023762499999998,0.0,0.3308713541666667,78,97,2225,169.15074136164435,3.6119018214652536,148.06466037644716,3.438573459417165,21.086080985197153,0.0,0.15004166666666666,123,0,2277,0.4389836683333333,0.004772840853976584,0.5451611002777778,0.004365116356425837,-0.10617743194444446,4.313314537567166e-77,-0.3133486111111111,704,0,1696
448,0.0625,2,400,-0.3767982530637143,0.017664141542864963,0.08163600692188236,0.02507756935167941,-0.4584342599855965,1.1276388486672308e-50,-0.508075,68,0,332,-0.19382426943830847,0.01635435521762513,0.21732251107590514,0.019584099045297336,-0.41114678051421366,8.988647138533114e-39,-0.5759625,92,0,308,0.5865655,0.006762047229294026,0.281925,0.009975186504622608,0.30464050000000004,2.7299924181044066e-67,0.76935,0,0,400,94.13923666346777,3.816759148988067,72.46492830753964,3.4362368971929165,21.674308355928147,2.73006926195335e-67,0.3576125,0,0,400,0.3935964529166667,0.010582864427798822,0.6164297498611111,0.01216693556421755,-0.22283329694444448,2.794703533990799e-40,-0.5279,81,0,319
448,0.0625,3,400,-0.38098337577844615,0.01640890889635572,0.05421073722181632,0.023975289918038968,-0.4351941130002625,1.6099936500033706e-43,-0.5153875,77,0,323,-0.21952724546547223,0.016116079044213336,0.1164697804538668,0.02019000688365307,-0.33599702591933905,1.4277564415250628e-29,-0.4798625,115,0,285,0.64989925,0.007649723924849169,0.3923819999999999,0.01053721795449593,0.25751725000000003,9.410291332493022e-67,0.68653125,3,0,397,109.44555439721084,4.341068840121266,86.04092486363477,3.932951598226687,23.404629533576063,2.73006926195335e-67,0.458825,0,0,400,0.3793290415277778,0.010489061051137498,0.5907373340277777,0.012003691692394087,-0.21140829249999996,7.190278028599938e-35,-0.4873,105,0,295
448,0.0625,5,400,-0.4421002336442481,0.014908888300220611,0.05322821472821817,0.023283459271131884,-0.49532844837246637,7.700007869831412e-48,-0.5964375,58,0,342,-0.181891362009174,0.01612973785179398,0.05763591201351227,0.01849322046914787,-0.23952727402268628,1.063950859086627e-16,-0.3711625,140,0,260,0.6992445,0.0087991465281261,0.49908624999999995,0.012438810321746801,0.20015824999999998,2.9282800525346933e-54,0.509125,33,0,367,131.27730144951283,5.290370849233996,106.07786082947997,4.7874494156921115,25.199440620032856,2.73006926195335e-67,0.3198375,0,0,400,0.40244492472222226,0.010913506015498651,0.5751693305555555,0.010410887187394394,-0.17272440583333332,1.8226516665483158e-27,-0.4571375,114,0,286
448,0.0625,8,400,-0.4286388373882039,0.015483716485977957,0.08233767597808303,0.021616974727976766,-0.5109765133662869,5.906446030103058e-48,-0.6396625,51,0,349,-0.14923394653286653,0.01654908176262342,0.022120868263138468,0.01700942791424955,-0.171354814796005,1.4266544125477598e-10,-0.286,136,0,264,0.7423439999999999,0.009039435416086782,0.587993,0.014021769938492787,0.15435100000000002,2.3482301913350847e-45,0.3289625,35,0,365,165.26819283088508,6.853844121376414,139.66297200370673,6.2941216082537785,25.605220827178364,2.4310041743170923e-66,0.18375,14,0,386,0.43589891305555556,0.01168659254913403,0.5435339181944445,0.010064939943477376,-0.10763500513888889,1.5217023936707837e-11,-0.3108625,131,0,269
448,0.0625,16,400,-0.3832612635766256,0.016317600042605622,0.20822268426391122,0.018325271007280586,-0.5914839478405368,2.4807176782457255e-57,-0.7768,35,0,365,-0.09064260842122042,0.015185450083239595,0.019455321920175593,0.013817759931045035,-0.11009793034139598,4.749420621176818e-08,-0.2360125,127,0,273,0.759219,0.009773455250900441,0.6250962499999999,0.015688563133228837,0.13412275,2.0194697614274787e-64,0.26220625,3,0,397,224.06486385447874,9.631643402155895,198.48704938247545,8.982747778610587,25.577814472003325,6.45307356261379e-63,0.1381125,32,0,368,0.47227182805555556,0.012408265052450258,0.5141055052777778,0.009860515790366512,-0.04183367722222222,1.0855643676979495e-05,-0.1915625,133,0,267
448,0.0625,32,400,-0.3409789767414066,0.015791085007906176,0.27065739999759314,0.01638683175479701,-0.6116363767389997,8.204120168725513e-64,-0.8618125,17,0,383,-0.033922558772498154,0.013578685467409637,0.030601544384225975,0.011746086995200031,-0.06452410315672413,5.5948024125703234e-06,-0.2125625,126,0,274,0.75635525,0.010356604145648703,0.6429882499999999,0.016111049986624788,0.11336699999999998,4.1654106798294197e-60,0.19103125,2,96,302,322.7827794242481,14.046913254004803,298.33241366435385,13.402192569468165,24.450365759894215,2.761903367030439e-59,0.1079125,49,0,351,0.4951293776388889,0.011754887096473952,0.5128224583333334,0.009506604636143801,-0.01769308069444442,0.00033248833013044276,-0.163675,130,0,270
448,0.0625,All,2400,-0.39212682336544075,0.00660993760362282,0.12504878651858403,0.009000987240448562,-0.5171756098840248,7.3297482051452335e-301,-0.637321875,306,0,2094,-0.14484033177325661,0.006529176989533858,0.07726765635180406,0.007116143905854512,-0.22210798812506066,1.9196216780432844e-93,-0.3701201388888889,736,0,1664,0.6989379166666667,0.003818196995726766,0.5049117916666667,0.006061101316808959,0.19402612500000002,0.0,0.38380607638888886,76,96,2228,174.49632143663388,3.690783511017942,150.17769150853175,3.4986414947072784,24.318629928102165,0.0,0.16161909722222223,95,0,2305,0.4297784229861111,0.004699396491805774,0.5587997160416667,0.004442142176171122,-0.12902129305555557,2.9714196743833254e-94,-0.3550402777777778,694,0,1706
896,0.03125,2,400,-0.3238734003524803,0.017533246012821857,0.15638013362979528,0.02596916376473272,-0.4802535339822755,4.502953809179092e-49,-0.5131875,77,0,323,-0.16377519317087708,0.016122986003195103,0.29082149387918166,0.020024598605352818,-0.45459668705005873,1.6227372434668e-40,-0.60365,91,0,309,0.5931137499999999,0.006899183596672525,0.28898674999999996,0.009681660452701139,0.304127,2.7300212342976196e-67,0.7962125,0,0,400,94.54114131810657,3.778259749665279,72.4789967803508,3.3872233996576533,22.06214453775577,2.73006926195335e-67,0.333775,0,0,400,0.4096553927777778,0.010131155619349744,0.64504092375,0.011970665896788111,-0.23538553097222223,1.1292223415021654e-36,-0.550225,84,0,316
896,0.03125,3,400,-0.3034772837605245,0.018349750951129843,0.11082349847832926,0.0241790190530941,-0.41430078223885375,7.605383679534075e-42,-0.4859625,71,0,329,-0.17940612133465275,0.01579423115138146,0.16648075124903625,0.020565932439527892,-0.34588687258368894,2.9088992795532607e-34,-0.5027875,106,0,294,0.66598525,0.008015669742582283,0.3993197499999999,0.010379448091978636,0.2666655,2.5997584835758783e-66,0.70729375,4,0,396,109.20876071406323,4.286853724774387,85.60085585751683,3.9066253095665617,23.607904856546384,2.73006926195335e-67,0.4171,0,0,400,0.4041545698611111,0.009752814769579102,0.6000157083333333,0.011941158567685168,-0.19586113847222222,6.7157953610088165e-34,-0.4733875,94,0,306
896,0.03125,5,400,-0.4034882710975784,0.015559378864309142,0.06403934096190488,0.023860797406765787,-0.46752761205948334,3.1373725863219517e-44,-0.5553625,65,0,335,-0.18227680644891206,0.015416983888205343,0.0661216839999448,0.01964209086486308,-0.24839849044885687,1.4100432243928492e-18,-0.3725875,130,0,270,0.7173852500000001,0.00856160038465122,0.5025007499999999,0.011979150833754382,0.2148845,1.1276231494379093e-51,0.57178125,30,0,370,131.12761024826068,5.1864307878419895,104.65825909834821,4.703463332449518,26.469351149912473,2.73006926195335e-67,0.36935,0,0,400,0.40446464125,0.010644180934629575,0.5782680752777778,0.010943519708477156,-0.1738034340277778,2.2371059884188843e-26,-0.44041875,110,1,289
896,0.03125,8,400,-0.4603004127318271,0.014365829287838597,0.0984771303156669,0.022656026230595153,-0.558777543047494,1.7441994831446116e-51,-0.6717125,49,0,351,-0.16184706994132841,0.016534160986076206,0.03454047651759449,0.017835679059790752,-0.19638754645892287,9.428504688820065e-12,-0.32,139,0,261,0.7500374999999999,0.008806096777831045,0.580019,0.013885073226084704,0.17001850000000002,1.1756675439208337e-45,0.3743,39,0,361,163.18782961851196,6.693185963643491,135.24380265981046,6.106181062600835,27.944026958701514,6.233236831847722e-67,0.2181875,10,0,390,0.4226153095833333,0.011497932783358563,0.55675418,0.010024475939569202,-0.13413887041666664,2.185996210084236e-16,-0.377775,121,0,279
896,0.03125,16,400,-0.4304624721176165,0.014679521692931772,0.2159561750030871,0.01883043899381441,-0.6464186471207037,2.1919629652664273e-60,-0.8350875,22,0,378,-0.09853244229839685,0.015858467346424567,-0.00019047350396004248,0.015316670334330793,-0.09834196879443681,1.1777417985823534e-05,-0.180625,134,0,266,0.77839875,0.008748200670481977,0.6280072499999999,0.015551888704810446,0.15039149999999998,2.819589064275066e-65,0.29108125,4,0,396,225.64848179636522,9.592730906175696,198.01709784779624,8.925740009141808,27.631383948568992,4.082470437072206e-63,0.1428125,31,0,369,0.47595291138888896,0.012772165502003618,0.5024946463888889,0.010387049422956401,-0.02654173499999999,0.0018673249940430595,-0.1282625,135,0,265
896,0.03125,32,400,-0.3847837005156815,0.015352604990989996,0.26962511411832657,0.01664793746977994,-0.654408814634008,1.4848904842354609e-64,-0.901,15,0,385,-0.04703039900156238,0.014228787501980537,0.01530465746353018,0.012614754218665277,-0.062335056465092575,2.3825953852350688e-05,-0.2036,130,0,270,0.7702607499999999,0.009769724657625121,0.6436875000000001,0.01609446290108997,0.12657324999999997,1.520983069992637e-60,0.21565,1,95,304,322.08977358982463,13.952242450626656,295.5493091245261,13.247579317367363,26.540464465298523,1.3225185378281505e-58,0.1128,48,0,352,0.49031906819444443,0.012249772069101125,0.5024331393055556,0.00992731162089468,-0.012114071111111109,0.001251727915647439,-0.1539625,131,0,269
896,0.03125,All,2400,-0.3843975900959514,0.006638983401741064,0.15255023208451834,0.009193643623621496,-0.5369478221804698,1.8543663029258284e-299,-0.6439520833333333,299,0,2101,-0.13881133869928827,0.006472602341223626,0.09551309826755454,0.007593945686166104,-0.23432443696684283,5.610223622075731e-94,-0.37328194444444446,730,0,1670,0.7125302083333334,0.003717894612096224,0.5070868333333333,0.005965410641219184,0.20544337499999998,0.0,0.41558350694444446,78,95,2227,174.30059954752204,3.662572554835315,148.59138689472476,3.457713008438288,25.709212652797277,0.0,0.16847222222222222,89,0,2311,0.4345269821759259,0.004635053547609297,0.5641677788425926,0.0045654119507002,-0.12964079666666664,1.3806684268366624e-88,-0.34996163194444446,675,1,1724
All,,All,9600,-0.3976082538752853,0.0031403533395674794,0.130814051896249,0.004372396002445132,-0.5284223057715343,0.0,-0.6688352864583333,1019,0,8581,-0.12533406897541718,0.0032600138509211447,0.06928779661185835,0.0034832815756773313,-0.1946218655872756,2.0955163647424083e-305,-0.33457280815972223,3076,0,6524,0.6775878020833332,0.002061934582099199,0.5028995208333333,0.003044474845633778,0.17468828125,0.0,0.34440843098958335,314,391,8895,170.74212932486546,1.832367711339668,149.1245480772025,1.7448921650789133,21.617581247662976,0.0,0.14897391493055556,484,0,9116,0.44166239243634264,0.0023357688802299087,0.5541705242708334,0.002191859264900458,-0.11250813183449072,0.0,-0.3248564019097222,2815,1,6784
