estimator,dimension,n_experiments,spearman_dist_mean,spearman_dist_sem,spearman_err_mean,spearman_err_sem,picp_mean,picp_sem,picp_error_mean,picp_error_sem,mpiw_mean,mpiw_sem,winkler_mean,winkler_sem,outlier_auroc_mean,outlier_auroc_sem,spearman_dist_diff_vs_slcb,spearman_dist_pvalue_vs_slcb,spearman_dist_cliffs_delta_vs_slcb,spearman_dist_win_rate_vs_slcb,winkler_diff_vs_slcb,winkler_pvalue_vs_slcb,winkler_cliffs_delta_vs_slcb,winkler_win_rate_vs_slcb,outlier_auroc_diff_vs_slcb,outlier_auroc_pvalue_vs_slcb,outlier_auroc_cliffs_delta_vs_slcb,outlier_auroc_win_rate_vs_slcb
slcb,2,12,0.28670065842012993,0.06041562004333741,0.1526102557127575,0.04336855213764231,0.4039083333333333,0.022877590789974707,0.5460916666666665,0.022877590789974707,3.6088864110124295,0.13673334747464266,133.0555988428164,4.424031402072144,0.5011218935185185,0.02630938756294448,0.0,1.0,0.0,0.0,0.0,1.0,0.0,0.0,0.0,1.0,0.0,0.0
slcb,16,12,0.3601711386873789,0.09726175290452664,0.15382454774090548,0.03862386288610516,0.13549999999999998,0.04062903686236775,0.8144999999999999,0.04062903686236773,3.7497049822302277,0.08515666028094278,311.80981944004145,35.11682322187635,0.6116794212962962,0.031989684353126206,0.0,1.0,0.0,0.0,0.0,1.0,0.0,0.0,0.0,1.0,0.0,0.0
slcb,All,24,0.3234358985537544,0.05651237046020627,0.15321740172683146,0.02839921628546838,0.2697041666666667,0.03609668401766644,0.6802958333333332,0.03609668401766644,3.679295696621329,0.0801275140173989,222.43270914142894,25.434029023155976,0.5564006574074075,0.023304340444113007,0.0,1.0,0.0,0.0,0.0,1.0,0.0,0.0,0.0,1.0,0.0,0.0
rf_fire,2,12,-0.5568285236973493,0.062057235216812036,-0.514898994436486,0.047700718068195105,0.32293333333333335,0.028375515836542936,0.6270666666666666,0.028375515836542933,1.58566467235762,0.11871674877132662,160.43958174841234,3.540734254852582,0.23651346296296297,0.029593291065452058,-0.8435291821174792,0.002200340526906492,-1.0,0.0,27.38398290559591,0.002200340526906492,0.8194444444444444,0.0,-0.2646084305555556,0.0028519472056274826,-0.9027777777777778,0.08333333333333333
rf_fire,16,12,-0.3668653280306486,0.0745600893939454,-0.1813210170907249,0.021243959011454795,0.117925,0.035419717426537406,0.8320750000000001,0.03541971742653742,2.714065567406591,0.08967489966011423,329.7224128912313,38.144605819566856,0.3539022685185185,0.028000174149648182,-0.7270364667180275,0.002200340526906492,-1.0,0.0,17.912593451189863,0.002200340526906492,0.5,0.0,-0.25777715277777785,0.002200340526906492,-1.0,0.0
rf_fire,All,24,-0.46184692586399895,0.05140554634240635,-0.34811000576360546,0.04314546698210108,0.22042916666666668,0.030811910975154098,0.7295708333333332,0.030811910975154098,2.1498651198821057,0.1383231946911797,245.0809973198218,25.737539718065474,0.2952078657407407,0.023381321395101354,-0.7852828244177533,1.814373762485085e-05,-1.0,0.0,22.648288178392885,1.814373762485085e-05,0.3298611111111111,0.0,-0.2611927916666667,2.3427930224273262e-05,-0.8854166666666666,0.041666666666666664
prox_a,2,12,-0.515092099302133,0.05788686226548911,-0.46137390446530024,0.03641862206880939,0.3239,0.02848142403658067,0.6261,0.028481424036580667,1.686397174361522,0.14930146330038976,158.6967578570395,3.4143050784161724,0.2795517037037037,0.019097862790153526,-0.8017927577222631,0.002200340526906492,-1.0,0.0,25.641159014223046,0.002200340526906492,0.8055555555555556,0.0,-0.22157018981481488,0.002200340526906492,-1.0,0.0
prox_a,16,12,-0.3854248371939133,0.07711598263761554,-0.18438046779969988,0.02446214743487301,0.11265833333333335,0.03410925062992961,0.8373416666666665,0.034109250629929616,2.4855973795438064,0.16911170199206826,333.57368763065426,38.44378544061295,0.348483587962963,0.02905353460551105,-0.7455959758812921,0.002200340526906492,-1.0,0.0,21.76386819061281,0.002200340526906492,0.5,0.0,-0.26319583333333335,0.002200340526906492,-0.9722222222222222,0.0
prox_a,All,24,-0.4502584682480231,0.04905236754546701,-0.3228771861325001,0.03597539061442727,0.21827916666666666,0.03093909806539682,0.7317208333333335,0.03093909806539683,2.085997276952664,0.1382457740229109,246.13522274384684,26.24150942744815,0.3140176458333333,0.018458532216037483,-0.7736943668017776,1.814373762485085e-05,-1.0,0.0,23.702513602417927,1.814373762485085e-05,0.3263888888888889,0.0,-0.24238301157407408,1.814373762485085e-05,-0.9097222222222222,0.0
prox_b,2,12,-0.5155844598261475,0.05855118287599838,-0.44099305222977797,0.033096021105953013,0.33512499999999995,0.02776283793949289,0.6148750000000001,0.02776283793949289,1.934388967344165,0.13325230365533075,154.31985618678837,3.3707852943665224,0.3092413935185185,0.015842641899351202,-0.8022851182462775,0.002200340526906492,-1.0,0.0,21.264257343971952,0.002200340526906492,0.6527777777777778,0.0,-0.1918805,0.002200340526906492,-0.9444444444444444,0.0
prox_b,16,12,-0.37395763741392996,0.07521663892797313,-0.19911820522274296,0.02099138796996922,0.125675,0.03773816717016921,0.8243250000000001,0.03773816717016921,3.1758562179863454,0.05435044639726265,321.6480655116693,36.96449464414537,0.36496278703703705,0.02605859922175155,-0.7341287761013088,0.002200340526906492,-1.0,0.0,9.83824607162785,0.004709689996687531,0.4166666666666667,0.16666666666666666,-0.2467166342592593,0.0028519472056274826,-0.9722222222222222,0.08333333333333333
prox_b,All,24,-0.44477104862003874,0.04889489616805123,-0.3200556287262604,0.03167345466832092,0.23040000000000002,0.03164993303104393,0.7195999999999999,0.03164993303104393,2.555122592665255,0.1473263228931453,237.9839608492288,25.175238634381724,0.33710209027777777,0.01600467031096483,-0.7682069471737932,1.814373762485085e-05,-1.0,0.0,15.551251707799901,2.6590603617020626e-05,0.2673611111111111,0.08333333333333333,-0.2192985671296296,2.0625294669212472e-05,-0.8819444444444444,0.041666666666666664
prox_bc,2,12,0.042954805103099715,0.13340784188658333,0.06702349631233674,0.11565899797677388,0.3329,0.02714451783481977,0.6170999999999999,0.02714451783481977,1.9758936419703719,0.1351994403335035,153.3620575469753,3.4204096567902726,0.5427433842592593,0.053354391878743995,-0.24374585331703016,0.1357960440217068,-0.4444444444444444,0.3333333333333333,20.306458704158903,0.002200340526906492,0.6527777777777778,0.0,0.04162149074074072,0.4798388320174136,0.06944444444444445,0.5833333333333334
prox_bc,16,12,-0.11026317805168313,0.12253204473645124,-0.033673189068796884,0.05892531558235139,0.12560833333333332,0.03771175055669659,0.8243916666666667,0.03771175055669659,3.1986695193512347,0.05595543540622435,321.19517471972017,36.83323454284515,0.4718782314814814,0.04857507144336789,-0.47043431673906205,0.03403258384834141,-0.6388888888888888,0.25,9.385355279678734,0.004709689996687531,0.4166666666666667,0.16666666666666666,-0.13980118981481482,0.09922054566781568,-0.5416666666666666,0.3333333333333333
prox_bc,All,24,-0.03365418647429171,0.09000811220522849,0.01667515362176993,0.06433794508002857,0.22925416666666665,0.03135835243377929,0.7207458333333333,0.03135835243377929,2.587281580660803,0.14619071200722036,237.27861613334775,25.16736485409217,0.5073108078703704,0.036049317252889686,-0.3570900850280461,0.011910026667572607,-0.5798611111111112,0.2916666666666667,14.845906991918818,2.6590603617020626e-05,0.2673611111111111,0.08333333333333333,-0.049089849537037045,0.3604686948355651,-0.21180555555555555,0.4583333333333333
plcb,2,12,-0.515092099302133,0.05788686226548911,-0.46137390446530024,0.03641862206880939,0.3239,0.02848142403658067,0.6261,0.028481424036580667,1.686397174361522,0.14930146330038976,158.6967578570395,3.4143050784161724,0.2795517037037037,0.019097862790153526,-0.8017927577222631,0.002200340526906492,-1.0,0.0,25.641159014223046,0.002200340526906492,0.8055555555555556,0.0,-0.22157018981481488,0.002200340526906492,-1.0,0.0
plcb,16,12,-0.38540901393546995,0.07711896876808261,-0.18436354904021357,0.024461102052824448,0.11266666666666668,0.03411185551782089,0.8373333333333332,0.03411185551782089,2.4861321285217874,0.16890208771693196,333.5635316397761,38.44191927892895,0.34848939351851854,0.029054241795182068,-0.7455801526228486,0.002200340526906492,-1.0,0.0,21.753712199734622,0.002200340526906492,0.5,0.0,-0.2631900277777778,0.002200340526906492,-0.9722222222222222,0.0
plcb,All,24,-0.4502505566188015,0.04905394482870849,-0.32286872675275696,0.035976636598628764,0.2182833333333333,0.03093916639000173,0.7317166666666667,0.03093916639000173,2.0862646514416543,0.1382181060324741,246.1301447484078,26.24012000145275,0.3140205486111111,0.018459034056874133,-0.7736864551725559,1.814373762485085e-05,-1.0,0.0,23.697435606978832,1.814373762485085e-05,0.3263888888888889,0.0,-0.24238010879629632,1.814373762485085e-05,-0.9097222222222222,0.0
shaker_total,2,12,0.4064244131213697,0.0645417400333679,0.2973622660302038,0.045178996387082955,0.393325,0.021235355470763776,0.5566749999999999,0.021235355470763773,3.606753806547476,0.12988675322154428,132.41864027977252,4.405742236826966,0.6044823287037037,0.025927579476468274,0.1197237547012397,0.004709689996687531,0.3611111111111111,0.8333333333333334,-0.6369585630438989,0.004709689996687531,-0.08333333333333333,0.8333333333333334,0.10336043518518519,0.002200340526906492,0.6111111111111112,1.0
shaker_total,16,12,0.27100531681985407,0.07717608401020243,0.12219933850223336,0.027597863229250265,0.14879166666666668,0.03757372239875882,0.8012083333333333,0.037573722398758815,2444.8873932380907,1661.8923931415009,2743.9108398264457,1659.4781852520061,0.5903279583333333,0.0267283711997598,-0.08916582186752482,0.18200181553631234,-0.1527777777777778,0.3333333333333333,2432.101020386405,0.20907613625677046,0.013888888888888888,0.8333333333333334,-0.021351462962962985,0.5826293850615643,-0.09722222222222222,0.4166666666666667
shaker_total,All,24,0.3387148649706118,0.051183555330426664,0.20978080226621856,0.03168172119181575,0.27105833333333335,0.03309677833431996,0.6789416666666667,0.03309677833431996,1224.247073522319,851.6055853249422,1438.1647400531094,855.9599948869767,0.5974051435185185,0.018269284242541005,0.015278966416857434,0.18865983239270212,0.04513888888888889,0.5833333333333334,1215.7320309116803,0.00426688492049619,-0.017361111111111112,0.8333333333333334,0.0410044861111111,0.015137725981330908,0.2361111111111111,0.7083333333333334
