surrogate,dimension,n_experiments,spearman_dist_plcb_mean,spearman_dist_plcb_sem,spearman_dist_slcb_mean,spearman_dist_slcb_sem,spearman_dist_diff_mean,spearman_dist_pvalue,spearman_dist_cliffs_delta,spearman_dist_wins,spearman_dist_ties,spearman_dist_losses,spearman_err_plcb_mean,spearman_err_plcb_sem,spearman_err_slcb_mean,spearman_err_slcb_sem,spearman_err_diff_mean,spearman_err_pvalue,spearman_err_cliffs_delta,spearman_err_wins,spearman_err_ties,spearman_err_losses,picp_error_plcb_mean,picp_error_plcb_sem,picp_error_slcb_mean,picp_error_slcb_sem,picp_error_diff_mean,picp_error_pvalue,picp_error_cliffs_delta,picp_error_wins,picp_error_ties,picp_error_losses,winkler_plcb_mean,winkler_plcb_sem,winkler_slcb_mean,winkler_slcb_sem,winkler_diff_mean,winkler_pvalue,winkler_cliffs_delta,winkler_wins,winkler_ties,winkler_losses,outlier_auroc_plcb_mean,outlier_auroc_plcb_sem,outlier_auroc_slcb_mean,outlier_auroc_slcb_sem,outlier_auroc_diff_mean,outlier_auroc_pvalue,outlier_auroc_cliffs_delta,outlier_auroc_wins,outlier_auroc_ties,outlier_auroc_losses
breiman,2,2,-0.5024038323801914,0.18026830724817347,0.4000382654550809,0.19833324985770912,-0.9024420978352724,0.5,-1.0,0,0,2,-0.4502727679927891,0.11127059731979698,0.2901122686778048,0.15607172638438527,-0.740385036670594,0.5,-1.0,0,0,2,0.63225,0.09444999999999998,0.5412499999999999,0.07464999999999997,0.091,0.5,0.5,0,0,2,153.1352051780865,10.316649193165729,129.49436296821955,13.777263918673283,23.640842209866975,0.5,0.5,0,0,2,0.31454169444444446,0.03200897222222221,0.5221702777777778,0.07648927777777781,-0.20762858333333334,0.5,-1.0,0,0,2
breiman,16,2,-0.32992547506710584,0.15424461227705122,0.3231157260591079,0.35344407380648235,-0.6530412011262138,0.5,-1.0,0,0,2,-0.21098827323289376,0.041226137461554416,0.09632467889398925,0.15224029731731317,-0.30731295212688303,0.5,-1.0,0,0,2,0.83475,0.11475,0.8142,0.13509999999999994,0.020550000000000013,0.5,0.5,0,0,2,329.70130989483846,125.47979533962207,308.20404041821257,114.03845627003767,21.497269476625874,0.5,0.5,0,0,2,0.3395928888888889,0.07231338888888889,0.5727636388888888,0.1147796944444444,-0.23317074999999998,0.5,-1.0,0,0,2
breiman,All,4,-0.41616465372364864,0.10890550558881307,0.36157699575709445,0.16694177120661222,-0.7777416494807431,0.125,-1.0,0,0,4,-0.3306305206128414,0.0843694997754447,0.19321847378589704,0.10512873606597493,-0.5238489943987386,0.125,-1.0,0,0,4,0.7334999999999999,0.08425308105147651,0.677725,0.10089225585577254,0.055775000000000005,0.125,0.375,0,0,4,241.41825753646248,72.38716156482423,218.84920169321606,69.7174737980352,22.569055843246424,0.125,0.25,0,0,4,0.3270672916666667,0.03308469355776009,0.5474669583333334,0.058173350092612174,-0.22039966666666666,0.125,-1.0,0,0,4
coarse,2,2,-0.5130012368363042,0.17429725909252866,0.3520758842193721,0.23373605938600578,-0.8650771210556762,0.5,-1.0,0,0,2,-0.4658200197762623,0.07107515409847667,0.22403945559928268,0.12915971920781183,-0.6898594753755449,0.5,-1.0,0,0,2,0.62035,0.09414999999999996,0.567,0.08250000000000002,0.05335000000000001,0.5,0.5,0,0,2,161.82483159196713,10.229102820524274,142.5560057305616,12.958702776227154,19.268825861405517,0.5,0.5,0,0,2,0.2665713333333333,0.033767999999999965,0.5977960555555555,0.06635883333333331,-0.3312247222222222,0.5,-1.0,0,0,2
coarse,16,2,-0.3840084198669763,0.2561974421105087,0.3501920554486573,0.3063031826420569,-0.7342004753156336,0.5,-1.0,0,0,2,-0.1628747618887192,0.03558244663780959,0.1329717583808544,0.08671554554848826,-0.2958465202695736,0.5,-1.0,0,0,2,0.8315,0.11799999999999998,0.8134999999999999,0.1356,0.01800000000000007,0.5,0.5,0,0,2,331.51122367358624,125.0694771449526,315.1927553394826,118.80400582503583,16.318468334103656,0.5,0.5,0,0,2,0.3596141388888888,0.08719330555555556,0.6098238055555556,0.09409936111111117,-0.2502096666666668,0.5,-1.0,0,0,2
coarse,All,4,-0.44850482835164024,0.13186877143962528,0.3511339698340147,0.15729799721090454,-0.799638798185655,0.125,-1.0,0,0,4,-0.31434739083249075,0.09327888531810559,0.17850560699006854,0.06873679466383151,-0.4928529978225593,0.125,-1.0,0,0,4,0.7259249999999999,0.08667985516639184,0.6902499999999998,0.09624165331774664,0.03567500000000004,0.125,0.375,0,0,4,246.66802763277667,70.87988018079503,228.8743805350221,69.74243499654567,17.793647097754587,0.125,0.25,0,0,4,0.3130927361111111,0.04667517575494303,0.6038099305555555,0.04713547480032362,-0.2907171944444445,0.125,-1.0,0,0,4
mature,2,2,-0.6301329692664531,0.16408765413098225,0.3613294103037189,0.19549735904038434,-0.991462379570172,0.5,-1.0,0,0,2,-0.5907421620688436,0.06445996444891738,0.1943962759854664,0.11383849653108949,-0.78513843805431,0.5,-1.0,0,0,2,0.6428499999999999,0.09425,0.5429999999999999,0.07479999999999996,0.09985000000000005,0.5,0.5,0,0,2,165.69529267254234,9.37806157890796,131.8971321905115,13.972592820750178,33.79816048203082,0.5,1.0,0,0,2,0.19911480555555555,0.020288972222222215,0.5067346111111112,0.08299783333333335,-0.30761980555555557,0.5,-1.0,0,0,2
mature,16,2,-0.503056784002679,0.24640066076525383,0.42697969057596596,0.33552713683344043,-0.9300364745786449,0.5,-1.0,0,0,2,-0.30230226230878465,0.05178165692599492,0.2197653088332808,0.14141309892975867,-0.5220675711420655,0.5,-1.0,0,0,2,0.8418,0.1079,0.8116999999999999,0.1376,0.03010000000000007,0.5,0.5,0,0,2,340.61732367583716,130.99925947936254,308.1877159664752,114.82766546801355,32.42960770936199,0.5,0.5,0,0,2,0.2805456111111111,0.10425744444444444,0.6512895555555556,0.11362411111111109,-0.37074394444444436,0.5,-1.0,0,0,2
mature,All,4,-0.5665948766345661,0.12630137390012766,0.3941545504398424,0.1596624859891032,-0.9607494270744085,0.125,-1.0,0,0,4,-0.4465222121888141,0.08984729164676546,0.2070807924093736,0.07447444948346753,-0.6536030045981878,0.125,-1.0,0,0,4,0.742325,0.08197156392107367,0.6773499999999999,0.10052250577192486,0.06497500000000006,0.125,0.375,0,0,4,253.15630817418975,73.65189801613846,220.04242407849335,69.42599305615963,33.113884095696406,0.125,0.375,0,0,4,0.23983020833333332,0.049323329778503185,0.5790120833333334,0.0710013438200129,-0.33918187499999997,0.125,-1.0,0,0,4
shallow,2,2,-0.5816866659240807,0.17375562442314782,0.3151204599540894,0.2014015664142376,-0.8968071258781701,0.5,-1.0,0,0,2,-0.5394413772702131,0.06582168123730389,0.1523647576888129,0.11358756674274782,-0.6918061349590261,0.5,-1.0,0,0,2,0.6289499999999999,0.09355000000000001,0.5534,0.07940000000000003,0.0755499999999999,0.5,0.5,0,0,2,162.956167310022,9.8295537209964,136.73420259639323,13.463434137141439,26.2219647136288,0.5,1.0,0,0,2,0.22334538888888888,0.02276272222222221,0.5188094722222223,0.08081230555555563,-0.2954640833333334,0.5,-1.0,0,0,2
shallow,16,2,-0.3850776404187043,0.2544681303446031,0.390750488849572,0.32015921066523567,-0.7758281292682762,0.5,-1.0,0,0,2,-0.17838780497442636,0.050491296255408775,0.16612145267189343,0.10299807029028085,-0.3445092576463198,0.5,-1.0,0,0,2,0.85805,0.09175,0.8128,0.1362,0.04525000000000001,0.5,0.5,0,0,2,348.29259061876627,128.2971858470345,311.3944675673144,116.22205833588596,36.898123051451876,0.5,0.5,0,0,2,0.3436098333333334,0.08456294444444447,0.6301694166666667,0.11025291666666669,-0.2865595833333333,0.5,-1.0,0,0,2
shallow,All,4,-0.48338215317139244,0.13800519364311548,0.3529354744018307,0.15595109370315482,-0.8363176275732231,0.125,-1.0,0,0,4,-0.3589145911223197,0.10959144260405795,0.15924310518035317,0.06272341552467811,-0.5181576963026729,0.125,-1.0,0,0,4,0.7435,0.08506181085931964,0.6831,0.0987412274584431,0.060399999999999954,0.125,0.375,0,0,4,255.62437896439414,74.97953379096356,224.0643350818538,69.45254372885539,31.560043882540338,0.125,0.375,0,0,4,0.28347761111111114,0.04983439474038938,0.5744894444444445,0.064403484605579,-0.29101183333333336,0.125,-1.0,0,0,4
smac_default,2,4,-0.43166394570288447,0.10755740670071809,0.1458199652942591,0.02875607572726573,-0.5774839109971435,0.125,-1.0,0,0,4,-0.36098354984184705,0.05550724869689792,0.02737438816258911,0.00427785649418814,-0.38835793800443613,0.125,-1.0,0,0,4,0.6161,0.054097720223067934,0.5359499999999999,0.03986603608754366,0.08015,0.125,0.5,0,0,4,154.2845251948094,6.150667966791279,128.82594478560634,8.204906223397037,25.458580409203073,0.125,1.0,0,0,4,0.3368685,0.02375209384941633,0.4306104722222222,0.017952530207869185,-0.09374197222222228,0.125,-1.0,0,0,4
smac_default,16,4,-0.35519288212867706,0.16272715730384438,0.33499443559548503,0.1743494458908827,-0.6901873177241621,0.125,-1.0,0,0,4,-0.12581409591822879,0.03941746134210432,0.1538820438327074,0.0694208716972544,-0.2796961397509362,0.125,-1.0,0,0,4,0.8289499999999999,0.06954183992389043,0.8173999999999999,0.07615250050611161,0.01154999999999995,0.125,0.5,0,0,4,325.6293709878141,73.15884281247251,313.93996867438193,67.73931650310972,11.689402313432183,0.125,0.5,0,0,4,0.3837869444444445,0.05404707377445403,0.6030150555555556,0.05301942237031142,-0.21922811111111104,0.125,-1.0,0,0,4
smac_default,All,8,-0.39342841391578076,0.09144478512164227,0.2404072004448721,0.08926982117952649,-0.6338356143606528,0.0078125,-1.0,0,0,8,-0.2433988228800379,0.05448244066999483,0.09062821599764825,0.040102338657978874,-0.33402703887768614,0.0078125,-1.0,0,0,8,0.7225249999999999,0.05728403776046915,0.6766749999999999,0.06642534141532774,0.045849999999999974,0.0078125,0.375,0,0,8,239.95694809131177,46.94196195014769,221.38295672999413,47.133099818853964,18.573991361317628,0.0078125,0.375,0,0,8,0.3603277222222222,0.028730788179708002,0.5168127638888889,0.04162908293592691,-0.15648504166666666,0.0078125,-0.75,0,0,8
All,All,24,-0.4502505566188015,0.04905394482870849,0.3234358985537544,0.05651237046020627,-0.7736864551725559,1.814373762485085e-05,-1.0,0,0,24,-0.32286872675275696,0.035976636598628764,0.15321740172683146,0.02839921628546838,-0.4760861284795885,1.814373762485085e-05,-1.0,0,0,24,0.7317166666666667,0.03093916639000173,0.6802958333333332,0.03609668401766644,0.05142083333333333,1.812588280620125e-05,0.375,0,0,24,246.1301447484078,26.24012000145275,222.43270914142894,25.434029023155976,23.697435606978832,1.814373762485085e-05,0.3263888888888889,0,0,24,0.3140205486111111,0.018459034056874133,0.5564006574074075,0.023304340444113007,-0.24238010879629632,1.814373762485085e-05,-0.9097222222222222,0,0,24
