approach,dim,global_spearman_true,global_spearman_resid,global_log_pearson_true,global_mse_var,global_rmse_var,global_nlpd_aleatoric,id_only_spearman_true,id_only_spearman_resid,id_only_log_pearson_true,id_only_mse_var,id_only_rmse_var,id_only_nlpd_aleatoric,ood_only_spearman_true,ood_only_spearman_resid,ood_only_log_pearson_true,ood_only_mse_var,ood_only_rmse_var,ood_only_nlpd_aleatoric,ood_id_variance_ratio
shaker_entropy,1,0.49177488616291654,0.21146591298308212,0.30734948162626197,4.042665392793851,1.574281281009992,2681991.520534734,0.48607477653258324,0.26863671597787936,0.30271838486237074,3.925243739012401,1.5542258727467915,1850487.4838877858,0.10807602705713694,0.06511439513586763,0.06915996174382463,4.503319573013388,1.5783988498287305,5944045.818149684,-114809904.14666297
shaker_entropy,2,0.4328081203645233,0.2880292725174221,0.2566555946431622,3.684682636128004,1.3532124574344926,2113866.704123462,0.410226639424855,0.25683404745150157,0.2504626610146108,3.687589699989442,1.365180183972881,1577382.713318693,0.01140705218168552,0.20033081758423602,0.008800835880327337,3.6728115295127153,1.2796347586725305,4263095.967451573,-86425325.61234568
shaker_entropy,3,0.33337554525920965,0.2654966197310908,0.20942492352596528,3.3133851824955785,1.2154562775926034,1976263.538360188,0.3401074529574385,0.2533444498800497,0.20264353941009286,3.291802516789555,1.2167345142480734,1419248.271875844,0.01460364246604304,0.28909239904849987,0.01362339641199726,3.399689992406239,1.1992019346519667,4204197.620472535,-86754598.32097599
shaker_entropy,4,0.3728720340891944,0.3332979271642832,0.2692404562336942,3.04899269999136,1.1136542030638874,2047156.6723716944,0.3997123586664257,0.34269405949421694,0.28471277193605393,2.988880469835556,1.1090117793608685,1685821.0124270085,0.010582541159843745,0.2623715920107039,0.00256656571889573,3.2897280448339905,1.1176692044871313,3494487.395500257,-80194362.97179341
shaker_entropy,5,0.4074537443348845,0.30000848405911773,0.2988791917456082,3.291713704217029,1.164022242960868,2040692.721935246,0.4413147907991093,0.3082299121665396,0.30900789399788486,3.2446915308065076,1.157547275810427,1800637.8756766098,0.013688946319017783,0.15862654282290894,0.011081438293050382,3.4798092617825556,1.1720350030787692,3000955.9218676393,-93623214.310523
shaker_entropy,6,0.42054300863156224,0.2694580231972584,0.29793396571462144,3.5030286501644703,1.2286961700720513,1828505.5613537761,0.45440632026296285,0.2696566468340373,0.30512090682019305,3.4653896363143692,1.2251148091364752,1624699.5070666964,0.02084160246437328,0.1123064828157415,0.0171946192034053,3.6536863979647314,1.2220057646859561,2644274.9396923045,-100194447.39661124
shaker_entropy,7,0.4210373039593804,0.2551268649745136,0.2857358790449943,3.694978111475103,1.2963321202327684,1763476.656892095,0.45567632063039804,0.2576947204431228,0.28775091926312657,3.6731650219676424,1.2964686226103679,1590396.2276003503,0.01639293986570676,0.054177621145114485,0.012051588765166247,3.7821858557406487,1.2729194623394953,2455368.859336482,-107326686.04110801
shaker_entropy,8,0.41643511805689204,0.23897382137264514,0.27277259932412806,3.853207668986327,1.3462834552862273,1744756.0955126397,0.45029647906195147,0.2398279567658288,0.2759036714292534,3.8328193779031343,1.3476639376815769,1598295.3680489897,0.024413997257489904,0.027861327560603145,0.008893499526387728,3.934789674743377,1.316467320051684,2330948.7918294226,-113020028.61992969
shaker_entropy,9,0.4304721274808122,0.23842165583439437,0.2697582059525159,3.9782063564732244,1.3897843100394665,1723203.318366871,0.4632396762815017,0.2365578942758519,0.27360052533191653,3.962326262362465,1.3918034451553125,1618594.8178894005,0.012923476246434277,0.009355191963928887,0.008746380081219226,4.041765706326198,1.3541081548504919,2141870.871359349,-113301053.54243794
shaker_entropy,10,0.42634297742499555,0.23439629996576355,0.28115672828344485,4.027936265245534,1.4041518544851395,1712891.9418831952,0.45729817671310286,0.2316949075797551,0.27877883511643226,4.014644741537155,1.4069928931264764,1594193.0852034045,0.014112848219459427,-0.0019509576290733463,0.009977591227176317,4.081155039128525,1.364648073070543,2188148.434564275,-114723073.3533898
shaker_entropy,11,0.42366687539282194,0.2334902099316117,0.27669499424482724,4.069120379063644,1.416834955308393,1689134.7768569381,0.4543142596473864,0.2318249555721447,0.27795235060687185,4.0557757400812635,1.419525073910858,1577524.555967645,0.013250442230010841,4.676353721223611e-05,0.007890197968903886,4.12249549546719,1.3782476275386464,2135524.5358309983,-115843759.09152815
shaker_entropy,12,0.41810654608324177,0.22831443607840982,0.27244522968633694,4.074453996213979,1.4150244495283841,1682589.080732155,0.44672591682893303,0.2271838334650255,0.27276713808103387,4.062787336524584,1.418040667421175,1575873.614907714,0.017555089378317366,-0.006615553021101392,0.009299097654855704,4.121153504511496,1.3752914859042815,2109701.031923789,-116991632.30356956
shaker_entropy,13,0.41788055713798217,0.23178243574378193,0.2759578585319104,4.084860939534236,1.4172931955375183,1685264.6480651519,0.4465612168933047,0.2291955648979192,0.2754531623143058,4.072374529272218,1.4204899028010336,1571912.2662632398,0.0153445934522569,0.00029230574530184246,0.0067916625012482915,4.134779377227472,1.377219696679696,2138412.926985593,-117606847.59342466
shaker_entropy,14,0.415391524660524,0.22847658497046044,0.2763947263240731,4.094069150256757,1.417119431491695,1674959.0339529188,0.4433161249927494,0.22461042025985814,0.27714380965724783,4.084939879331508,1.4208219029067848,1580783.3967917983,0.020413810468100604,0.004165288629757568,0.011520746356538965,4.130597940400715,1.3754228769934993,2051725.524802526,-116815791.45303589
shaker_entropy,15,0.41278233559002836,0.22638725280927896,0.2758360723996426,4.094385359318726,1.4170597351332446,1679543.1825263535,0.4413077159740762,0.22348204142537614,0.275689463082547,4.080093038107174,1.4199150795068078,1576720.2038897977,0.01958897902124659,-0.000425473715645323,0.014874401593041134,4.1516028640250076,1.3794708450857596,2091239.686942578,-118377640.80371569
shaker_geom_std,1,0.49177488616291654,0.21146591298308212,0.4905847939416536,0.025604638329109523,0.14446547007081803,0.7728716441482338,0.48607477653258324,0.26863671597787936,0.4953385587662027,0.023773663055157875,0.1418696007530542,0.51189122923326,0.10807602705713694,0.06511439513586763,0.10897332222921853,0.03278769517307368,0.13741645741426317,1.7967178872762077,1.0886083867916276
shaker_geom_std,2,0.4328081203645233,0.2880292725174221,0.4317402643887785,0.045533849943628975,0.19136134513940678,0.797778122677518,0.410226639424855,0.25683404745150157,0.41381674928374,0.04249293313163634,0.1848080190684954,0.5809534250638564,0.01140705218168552,0.20033081758423602,0.010987224822122684,0.057728746223835094,0.20355958935846816,1.6665882603357742,1.1364904799146105
shaker_geom_std,3,0.33337554525920965,0.2654966197310908,0.3284978435077624,0.052020294973417106,0.2097727288522642,0.8227831134057255,0.3401074529574385,0.2533444498800497,0.3413976124360777,0.04912726649838572,0.2039641556537675,0.6141863119929577,0.01460364246604304,0.28909239904849987,0.017735318787110283,0.06359295191479966,0.21959848143770455,1.657054428432207,1.0240450907726086
shaker_geom_std,4,0.3728720340891944,0.3332979271642832,0.3561435698259677,0.05428182847548525,0.21909489024299972,0.9574475081298572,0.3997123586664257,0.34269405949421694,0.3890493413245696,0.052352745016743855,0.21566201271264945,0.8168567397858767,0.010582541159843745,0.2623715920107039,0.00934768036607743,0.0620075723234198,0.21967516284014232,1.5206013318606386,0.9708891623502679
shaker_geom_std,5,0.4074537443348845,0.30000848405911773,0.3944908191885513,0.0398867708115596,0.18596632401023583,0.7535800612091702,0.4413147907991093,0.3082299121665396,0.43494890734428193,0.03709622569377274,0.18077344974134382,0.6614921892003369,0.013688946319017783,0.15862654282290894,0.013321311433950215,0.051048925342627456,0.19311194405981333,1.1219547141348207,1.0053630655770693
shaker_geom_std,6,0.42054300863156224,0.2694580231972584,0.4061040751931619,0.033660740518256814,0.16894499631089444,0.6310213308433724,0.45440632026296285,0.2696566468340373,0.4464597325075167,0.030370651978283817,0.16239154864396288,0.5397612448396861,0.02084160246437328,0.1123064828157415,0.021981301236448446,0.04682880216922353,0.1805421531871891,0.9962998962041658,1.021185313403169
shaker_geom_std,7,0.4210373039593804,0.2551268649745136,0.4082800781127837,0.030524358232676043,0.15888793394530262,0.5547375409501242,0.45567632063039804,0.2576947204431228,0.44827368804455864,0.026788128043015936,0.1510939033400619,0.468954639772787,0.01639293986570676,0.054177621145114485,0.017849097156519916,0.04546068465573355,0.17419629074113802,0.8976633476260684,1.0315137931094986
shaker_geom_std,8,0.41643511805689204,0.23897382137264514,0.4052745038324309,0.028860191168718623,0.15319056150232727,0.5102862948786102,0.45029647906195147,0.2398279567658288,0.44360720472137416,0.024851586680243763,0.14460771704747802,0.42366283473002697,0.024413997257489904,0.027861327560603145,0.02632481864581083,0.04490486676457025,0.1703291325691988,0.8570002005174461,1.027572631126116
shaker_geom_std,9,0.4304721274808122,0.23842165583439437,0.4175532047804568,0.02774160242514038,0.14935280481863072,0.4964326718016405,0.4632396762815017,0.2365578942758519,0.4561191662916058,0.023931509106985577,0.14114530063688227,0.4244122154995304,0.012923476246434277,0.009355191963928887,0.013299613865622398,0.04299099534543491,0.16522874980430285,0.7846796470730645,1.0427335475693955
shaker_geom_std,10,0.42634297742499555,0.23439629996576355,0.41197142933792447,0.02740722049828413,0.1480711507422132,0.48864508088156705,0.45729817671310286,0.2316949075797551,0.4486382885956245,0.02354013231555022,0.13967588935740047,0.4100531546135203,0.014112848219459427,-0.0019509576290733463,0.0155389282523456,0.04289002921388298,0.164446229475299,0.8033181595821945,1.0436889725962635
shaker_geom_std,11,0.42366687539282194,0.2334902099316117,0.4133346089783246,0.027032384744983234,0.14672463556902762,0.48048937880754117,0.4543142596473864,0.2318249555721447,0.4485726370535433,0.023191600305421584,0.13835797641850922,0.4028568398117478,0.013250442230010841,4.676353721223611e-05,0.01443486148766971,0.042396067671661423,0.16305363307194046,0.791001285302014,1.0475161463603324
shaker_geom_std,12,0.41810654608324177,0.22831443607840982,0.4041333441526326,0.02734255848162336,0.14730382798036082,0.48072109619865233,0.44672591682893303,0.2271838334650255,0.4371101797795318,0.02327613801449308,0.13839333986759228,0.404273092461733,0.017555089378317366,-0.006615553021101392,0.018995846030027727,0.04361843862305055,0.1650491416748846,0.7866987689936092,1.039345976435926
shaker_geom_std,13,0.41788055713798217,0.23178243574378193,0.4062734440365762,0.027111467266077386,0.14664204864615915,0.4819381320481144,0.4465612168933047,0.2291955648979192,0.4407529836935635,0.02300996962428796,0.13761575868629583,0.40328026981403864,0.0153445934522569,0.00029230574530184246,0.01606616121101018,0.04350732962568316,0.16450660478683254,0.7963816712718309,1.0361042970659848
shaker_geom_std,14,0.415391524660524,0.22847658497046044,0.4065059595754098,0.027065517110920173,0.14649998474178946,0.4802343934442015,0.4433161249927494,0.22461042025985814,0.43988873940029605,0.022923045444953917,0.13732660478196398,0.4069964201801962,0.020413810468100604,0.004165288629757568,0.020888899673811183,0.04363593869451035,0.16492610369774924,0.7732228459118285,1.0417746937082397
shaker_geom_std,15,0.41278233559002836,0.22638725280927896,0.4033782339852083,0.02716889685443488,0.1466177457247901,0.48148327061582,0.4413077159740762,0.22348204142537614,0.4376597334168549,0.022900059782663483,0.13722773958611403,0.40816417708099784,0.01958897902124659,-0.000425473715645323,0.020283885494618632,0.0442599368134506,0.1653278171547341,0.7750392809337119,1.027364121447638
shaker_geom_var,1,0.49177488616291654,0.21146591298308212,0.4905847939416536,0.009062436834134581,0.05884414907790825,55.83678940242624,0.48607477653258324,0.26863671597787936,0.4953385587662027,0.004771580145262698,0.04446381950656105,36.75927528387376,0.10807602705713694,0.06511439513586763,0.10897332222921853,0.02589579769047813,0.0754737315397172,130.6793447905937,1.2543558408980793
shaker_geom_var,2,0.4328081203645233,0.2880292725174221,0.4317402643887785,0.013230733252927273,0.0822854947266546,41.69098986995652,0.410226639424855,0.25683404745150157,0.41381674928374,0.0070933241208693395,0.06375407824438831,29.66282324992022,0.01140705218168552,0.20033081758423602,0.010987224822122678,0.03784677918821131,0.11401753094743104,89.88438336131307,1.3076040026367157
shaker_geom_var,3,0.33337554525920965,0.2654966197310908,0.3284978435077624,0.01541907610496301,0.08915122148095928,34.63819393397222,0.3401074529574385,0.2533444498800497,0.3413976124360777,0.007445709545667018,0.0687103082087491,25.0163614925926,0.01460364246604304,0.28909239904849987,0.01773531878711028,0.0473158939732972,0.1247961834069137,73.11662431989697,1.0619499550430194
shaker_geom_var,4,0.3728720340891944,0.3332979271642832,0.3561435698259677,0.014572529587484815,0.08722341193944864,36.805895125874805,0.3997123586664257,0.34269405949421694,0.3890493413245696,0.006782688982395457,0.06756254216205268,29.642351783294103,0.010582541159843745,0.2623715920107039,0.009347680366077431,0.04577183434887926,0.11953820178895981,65.50182704305023,0.95670298383815
shaker_geom_var,5,0.4074537443348845,0.30000848405911773,0.39449081918855117,0.013408977892183989,0.07442180013850153,33.02175912711935,0.4413147907991093,0.3082299121665396,0.43494890734428193,0.005529482257860545,0.05341636346696726,28.661386129738137,0.013688946319017783,0.15862654282290894,0.01332131143395022,0.04492730432349702,0.1087908934253397,50.46512028873191,1.0317931636170812
shaker_geom_var,6,0.42054300863156224,0.2694580231972584,0.406104075193162,0.013545682341762925,0.07144894902496761,30.590918657538744,0.45440632026296285,0.2696566468340373,0.4464597325075167,0.0053472574120018365,0.04943538259708062,26.514653322822515,0.02084160246437328,0.1123064828157415,0.021981301236448446,0.04635909033191429,0.10801264590788794,46.906597495049645,1.0646656129784176
shaker_geom_var,7,0.4210373039593804,0.2551268649745136,0.4082800781127837,0.014126927919704066,0.07209023915084659,28.66426304344093,0.45567632063039804,0.2576947204431228,0.44827368804455864,0.005504236380761614,0.049330849079591926,25.241771599462368,0.01639293986570676,0.054177621145114485,0.017849097156519934,0.04859738997452582,0.10943328496475896,42.3464507328591,1.0829443833852725
shaker_geom_var,8,0.41643511805689204,0.23897382137264514,0.40527450383243085,0.014588641134948262,0.07311957349292575,28.0980956870469,0.45029647906195147,0.2398279567658288,0.44360720472137416,0.005613496837892733,0.04969230705271606,24.579426968691862,0.024413997257489904,0.027861327560603145,0.026324818645810853,0.050511811421186166,0.11126219926902156,42.181659357771494,1.0696699931377158
shaker_geom_var,9,0.4304721274808122,0.23842165583439437,0.4175532047804568,0.014049233794486606,0.07179485805159641,28.337680959042128,0.4632396762815017,0.2365578942758519,0.4561191662916058,0.005493045032982827,0.048667687945073236,25.636111609747495,0.012923476246434277,0.009355191963928887,0.013299613865622416,0.04829419693210576,0.10872127774361429,39.14988759573859,1.1050499675244432
shaker_geom_var,10,0.42634297742499555,0.23439629996576355,0.41197142933792447,0.014169899727891172,0.07210796708219448,28.29275147331121,0.45729817671310286,0.2316949075797551,0.4486382885956245,0.005546260001324515,0.04898604587919377,25.35872809733557,0.014112848219459427,-0.0019509576290733463,0.0155389282523456,0.048696892990377584,0.10915961943009547,40.040825415330104,1.1074069685307324
shaker_geom_var,11,0.42366687539282194,0.2334902099316117,0.4133346089783246,0.014050556363757146,0.07201603582883113,28.17227364159221,0.4543142596473864,0.2318249555721447,0.4485726370535433,0.005534063597750305,0.04901768065880755,25.179754195424383,0.013250442230010841,4.676353721223611e-05,0.014434861487669702,0.048117359360947194,0.10854177066700635,40.14138496486796,1.1151940539476282
shaker_geom_var,12,0.41810654608324177,0.22831443607840982,0.4041333441526326,0.014619503444388489,0.07351866218793617,28.358087632960466,0.44672591682893303,0.2271838334650255,0.4371101797795318,0.005709443186773075,0.0501866122739625,25.43709452295514,0.017555089378317366,-0.006615553021101392,0.018995846030027724,0.05028219717930831,0.11079241150663618,40.04958941551366,1.095627680855325
shaker_geom_var,13,0.41788055713798217,0.23178243574378193,0.4062734440365762,0.014691338646744522,0.07378480548718441,28.764218472044792,0.4465612168933047,0.2291955648979192,0.4407529836935635,0.005705999317799999,0.05028960547408093,25.721296921188973,0.0153445934522569,0.00029230574530184246,0.01606616121101019,0.05061060393058507,0.11139855736715049,40.92853817420109,1.086348892941223
shaker_geom_var,14,0.415391524660524,0.22847658497046044,0.4065059595754098,0.014689528968957255,0.07402712119906174,28.678569502537435,0.4433161249927494,0.22461042025985814,0.43988873940029605,0.0057373711965729495,0.050641758228816953,25.848603853152838,0.020413810468100604,0.004165288629757568,0.02088889967381119,0.050498974110344354,0.11128630515641323,40.00036153347598,1.0981133785382347
shaker_geom_var,15,0.41278233559002836,0.22638725280927896,0.4033782339852083,0.015075036975720553,0.0746549219727605,28.86018553085279,0.4413077159740762,0.22348204142537614,0.437659733416855,0.005808540578187626,0.05090406457209922,26.06773974318185,0.01958897902124659,-0.000425473715645323,0.02028388549461863,0.05217505368539307,0.11300468264871318,40.040463892598304,1.0661880844902045
standard_ari_std,1,0.5205029730499077,0.2308228061782238,0.5176693678760803,0.025078990432372175,0.14986805363764089,0.31479893349310284,0.5097079273852956,0.28611654535349795,0.5186942050194315,0.025623474741284145,0.15203811523405775,0.2180218848755166,0.10841286978034552,0.05102698120892336,0.10894528313816279,0.02294293660510215,0.13398157991540366,0.6944627396082489,1.145764655144878
standard_ari_std,2,0.4695630127649726,0.3143017567237014,0.468087219553613,0.04733023742181006,0.20252157217322098,0.4365041111329838,0.4380569393811062,0.27214618250842343,0.44186586383030707,0.046524839272806186,0.19985589877832452,0.3571927740859485,0.01614733187085627,0.2028447835801741,0.015601233843727372,0.05055975584873316,0.20916067999057464,0.7543960737647033,1.1781189943795927
standard_ari_std,3,0.3577336492715641,0.2817571120211173,0.351072823178502,0.056975591217409485,0.22996647523222102,0.4959131245585765,0.3602127627811615,0.2668620717271261,0.3611468561667958,0.05673280352954734,0.22917765357458028,0.4385633138539412,0.014584593033690375,0.2992806969185387,0.018035737755584185,0.05794751691761223,0.2310072654874744,0.7252914167985952,1.0350642125797092
standard_ari_std,4,0.38422374437456824,0.349692395218686,0.3633096791160531,0.06283925232214282,0.24791701104887576,0.546122753699219,0.4072174185253369,0.35696154858641566,0.3920406155575771,0.06424308786128693,0.2508310873914068,0.5199458888681767,0.010040827245521487,0.2874428479275275,0.008447881042050893,0.057216977426907706,0.23352143537045025,0.6509733303953803,0.9804659178140055
standard_ari_std,5,0.4255874840115884,0.31805024179117825,0.40919342967257943,0.04389577470713454,0.20525014809681807,0.4398038266625186,0.45842815019476835,0.32524662826759304,0.44813315464331555,0.044176718602290305,0.20623919651044392,0.41975774609863803,0.015074756994174298,0.17870464996594285,0.014477935161567592,0.04277216292837103,0.1990100541737043,0.5199928834622349,1.0124781495710253
standard_ari_std,6,0.43914151368551446,0.28697766120418955,0.42230462786598905,0.035905430697091976,0.18366086536208615,0.37201012986312443,0.4715488685182307,0.28492842860558804,0.4609178985961681,0.03549817324536933,0.18299192405163012,0.3507000962098192,0.024721204336783938,0.1304956258615516,0.025285190372345927,0.037535014419845365,0.18393247260781515,0.4573075605888204,1.0288890912282453
standard_ari_std,7,0.44040986360351586,0.2699844900304284,0.4254442635279447,0.0318395021762224,0.17070148153223053,0.32658164753054236,0.47456431784977327,0.27106664200643543,0.46478552579212035,0.030979688472412385,0.1689221841564886,0.30430964729312043,0.020551736916473915,0.06649717592378883,0.02175422114172873,0.03527727488232735,0.17517203751021881,0.41561601603855675,1.0362193276266074
standard_ari_std,8,0.4351748042121993,0.2510731592849055,0.42246629624636123,0.029775275901323842,0.16351875547700181,0.2963134447850182,0.46690385667086187,0.2498873275740073,0.4598147102208832,0.028542401704061988,0.16077859491518248,0.27413727719648284,0.030928675176406177,0.03397907439202931,0.033963567488891275,0.034710213668587106,0.17102708110874165,0.3850751074725439,1.0296378272467908
standard_ari_std,9,0.4515050954608407,0.2518413317668047,0.43692995963460696,0.02802640353419832,0.15768814566972816,0.27803121114545687,0.4840762326540142,0.24917811422642341,0.4757292763935666,0.02699905043404638,0.15535818431728535,0.2591405787412964,0.017177531513107257,0.01181358529257966,0.018198510828703933,0.032137914720996696,0.1635398741783037,0.35363751815724515,1.0464907723352235
standard_ari_std,10,0.44723012795683253,0.24554855210446339,0.43199383351129467,0.027621840882725332,0.15613707451143322,0.27192223129613,0.4772317542427859,0.24183173475848369,0.46847252067040307,0.02660442082486675,0.15382466598358485,0.2511209458026859,0.01953474098672729,-0.0032630857198617798,0.02073738967215004,0.03169568525942614,0.16207929390753043,0.3552056838801623,1.0492593273913415
standard_ari_std,11,0.44505530696057205,0.24446134316743248,0.4338238918228295,0.027186380503220024,0.15460579551407966,0.26565855710080677,0.474674560971307,0.24111902376049127,0.4684941323573562,0.026156411129365422,0.15221381837771067,0.2453179799159447,0.016932681320250102,0.0033723746251042965,0.017144061031721152,0.03130678211507691,0.16077297340609514,0.34701714366947145,1.0529104753696787
standard_ari_std,12,0.4401117242367882,0.2400046298745436,0.4250751241061686,0.02752533555043549,0.15523932641994892,0.26539099686547307,0.4668002978763753,0.23691755641384446,0.4569066341123663,0.02629424151410236,0.15240565955039734,0.24551545343193332,0.022931954480654246,-0.003071064473841565,0.023528728250209525,0.03245294997232882,0.16295719945045234,0.34493980983107286,1.0424814898211916
standard_ari_std,13,0.43957423013126784,0.2437999127812008,0.4268222694124674,0.02738938611216894,0.15485536572394845,0.26420465859756465,0.4659385345168807,0.23916644363813633,0.4601034307964424,0.026133585307686183,0.1519409617090855,0.24402677567036973,0.017498825422263185,0.0011619503667773226,0.0173055867859659,0.03240935392573599,0.16275159520120433,0.3448685479682128,1.0389514558668067
standard_ari_std,14,0.43661932333698383,0.23888145477484407,0.42693125458630554,0.02738193369739147,0.15485841861800045,0.2641351765492282,0.4617754612066214,0.23290150885458547,0.45824703007198514,0.02608361130409044,0.1518029991695322,0.2451481574719138,0.024166924732882785,0.0029341142147890718,0.024787851646028054,0.032575805040226294,0.163373860988788,0.34009066400023347,1.0445736421973708
standard_ari_std,15,0.4340926317814119,0.23606249695188133,0.42394271066522304,0.027581218063991025,0.15521430545580112,0.26419019467316573,0.4602702210475434,0.2305913880525275,0.4569684799284106,0.026122368546596875,0.15188087376692866,0.24511366010608807,0.02381355925396529,0.00109387367840145,0.02427340255177726,0.033422006788714397,0.16439744648726906,0.34056969235985274,1.0281525317754798
standard_ari_var,1,0.5205029730499077,0.2308228061782238,0.5176693678760803,0.0054087140684102196,0.04956733978121836,1.3044095351609408,0.5097079273852956,0.28611654535349795,0.5186942050194315,0.0028772002441620676,0.03752044364554893,0.3057555704485632,0.10841286978034552,0.05102698120892336,0.10894528313816279,0.015340037532768351,0.062117233735439044,5.2222058582633455,1.3574786855126337
standard_ari_var,2,0.4695630127649726,0.3143017567237014,0.46808721955361293,0.00914131959901226,0.07143476535422559,0.38365570416404604,0.4380569393811062,0.27214618250842343,0.44186586383030707,0.004752331587649136,0.0547667616295613,0.1118516495869661,0.01614733187085627,0.2028447835801741,0.015601233843727368,0.02674888656825485,0.10120236179314182,1.4730723183626093,1.3937154327117995
standard_ari_var,3,0.3577336492715641,0.2817571120211173,0.351072823178502,0.011200141754376532,0.07946920382561153,0.33994449967160045,0.3602127627811615,0.2668620717271261,0.36114685616679587,0.004946896520935397,0.060863428961683855,0.14716611270033755,0.014584593033690375,0.2992806969185387,0.018035737755584185,0.03621854085634709,0.11420466369552809,1.1110427189825258,1.0833298657050259
standard_ari_var,4,0.38422374437456824,0.349692395218686,0.3633096791160531,0.010338335720380983,0.08054077718060165,0.3815412294217531,0.4072174185253369,0.35696154858641566,0.3920406155575771,0.004618438140914171,0.0640385994912927,0.29261209700957824,0.010040827245521487,0.2874428479275275,0.008447881042050891,0.03324960507617752,0.10889066212280292,0.7377742566554434,0.9815882814898584
standard_ari_var,5,0.4255874840115884,0.31805024179117825,0.40919342967257943,0.008268715842210563,0.06135512900381764,0.22040177073858178,0.45842815019476835,0.32524662826759304,0.44813315464331555,0.0025649455293424196,0.04292605230830182,0.15086352336206657,0.015074756994174298,0.17870464996594285,0.014477935161567588,0.03108490972898429,0.09265362571197411,0.4985828945669068,1.053761911912306
standard_ari_var,6,0.43914151368551446,0.28697766120418955,0.42230462786598894,0.008287677742733835,0.05618118952297191,0.1101665115985903,0.4715488685182307,0.28492842860558804,0.4609178985961681,0.0021762557503131794,0.03598453975403268,0.037150759985518686,0.024721204336783938,0.1304956258615516,0.025285190372345907,0.032747847397454344,0.09110600139921497,0.4024221565513895,1.0846777115124278
standard_ari_var,7,0.44040986360351586,0.2699844900304284,0.4254442635279447,0.008753396651829021,0.05579066800579751,0.04132062677031198,0.47456431784977327,0.27106664200643543,0.46478552579212035,0.0022735009701669736,0.03473953695827463,-0.03690787301408318,0.020551736916473915,0.06649717592378883,0.021754221141728737,0.03465811348961932,0.09163459684321897,0.35405730204319774,1.097364468388474
standard_ari_var,8,0.4351748042121993,0.2510731592849055,0.42246629624636123,0.009458512679510143,0.057108016357806234,-0.00495257494675597,0.46690385667086187,0.2498873275740073,0.4598147102208832,0.0023792421629933286,0.034768349132952354,-0.08526598356413236,0.030928675176406177,0.03397907439202931,0.033963567488891275,0.03779334178733677,0.0946579103214463,0.31650525380873346,1.076832382027436
standard_ari_var,9,0.4515050954608407,0.2518413317668047,0.43692995963460696,0.008722328813737362,0.05514449223893766,-0.027548370215634124,0.4840762326540142,0.24917811422642341,0.4757292763935666,0.0022123206047702077,0.033210161960333995,-0.09282012952003338,0.017177531513107257,0.01181358529257966,0.018198510828703933,0.034777237392833206,0.09100319467608022,0.23368269888778806,1.1179996169845743
standard_ari_var,10,0.44723012795683253,0.24554855210446339,0.43199383351129467,0.008702750158822804,0.05509827247245837,-0.03639185603545625,0.4772317542427859,0.24183173475848369,0.46847252067040307,0.002247879434568367,0.03342614281636771,-0.11022513008898334,0.01953474098672729,-0.0032630857198617798,0.020737389672150046,0.03454739060651475,0.09071000080285734,0.2592275634547145,1.1260814406735902
standard_ari_var,11,0.44505530696057205,0.24446134316743248,0.4338238918228295,0.008617305236185686,0.05503511986158527,-0.04924972001412425,0.474674560971307,0.24111902376049127,0.4684941323573562,0.0022146411436162715,0.03327609708336629,-0.1215280555556871,0.016932681320250102,0.0033723746251042965,0.017144061031721128,0.03422887459246666,0.09037976654869738,0.23984908131117907,1.1320689201115062
standard_ari_var,12,0.4401117242367882,0.2400046298745436,0.4250751241061686,0.009233752161180294,0.05673540746931612,-0.04645937057678608,0.4668002978763753,0.23691755641384446,0.4569066341123664,0.0024025530331551045,0.03465980364724923,-0.11826867595693182,0.022931954480654246,-0.003071064473841565,0.023528728250209525,0.036576083031750556,0.0929000058504814,0.24095359338195976,1.1075323885956796
standard_ari_var,13,0.43957423013126784,0.2437999127812008,0.4268222694124674,0.00935488454429112,0.05707834288220414,-0.047862771348862514,0.4659385345168807,0.23916644363813633,0.4601034307964424,0.002386153781557807,0.03465888258306496,-0.12184456541880258,0.017498825422263185,0.0011619503667773226,0.01730558678596591,0.037212560531111605,0.09392857172383634,0.24789029353583458,1.0971960621998904
standard_ari_var,14,0.43661932333698383,0.23888145477484407,0.42693125458630554,0.009309618431542424,0.05723770502487369,-0.05036964502564329,0.4617754612066214,0.23290150885458547,0.4582470300719852,0.002413017275892791,0.03503795972850062,-0.11768517555447401,0.024166924732882785,0.0029341142147890718,0.024787851646028064,0.036897072196712,0.09352812940855923,0.21892846067320929,1.1088615078308337
standard_ari_var,15,0.4340926317814119,0.23606249695188133,0.42394271066522304,0.00988138797751537,0.058253069069456154,-0.0453677604864936,0.4602702210475434,0.2305913880525275,0.4569684799284106,0.002498276393544569,0.03540763514508201,-0.11717022153048985,0.02381355925396529,0.00109387367840145,0.024273402551777273,0.03944098003120795,0.09620914182281728,0.24211876355262416,1.0714164869821574
standard_disagreement,1,0.43237475765424693,0.19409960308181087,0.4393044332464082,0.021587429004879827,0.10690693190439053,12.518220260540884,0.4311030801486124,0.2534012512175212,0.440647223940583,0.01233087599067506,0.08650876194729763,5.333155588121436,0.06792892248187361,0.061959281407325394,0.06943279937595112,0.057901598522144694,0.13162029939378045,40.70578166772488,1.29403065089389
standard_disagreement,2,0.31307743119700726,0.1565812954107283,0.3185362556514891,0.018636963787052575,0.09754528141500263,3.262524474245994,0.30562630711201666,0.12097223986325911,0.31307124962879357,0.009818965720670234,0.07744550186838456,1.8038487523184965,0.01653713080949598,-0.10872916246719647,0.014748766736170127,0.05400160881438948,0.12758993107862854,9.107640053405179,1.5315631469989281
standard_disagreement,3,0.2689885099505301,0.21427652882389175,0.2648233644561446,0.018151207078098662,0.09710536698042,3.5667211699688757,0.26529568144113985,0.18027148398656098,0.2674194438191669,0.009008703553274124,0.07619426290713008,2.6225443620349673,0.00924670817208047,0.28279716966514296,0.012213300462587716,0.05472642184896308,0.1316941232062058,7.343596526448801,1.106049043865648
standard_disagreement,4,0.3291741407577648,0.3320664348700854,0.31572518543025774,0.018564037854033346,0.10084443466439934,17.589378648803915,0.34403147666031497,0.33975724468923835,0.33695138729482793,0.010057143967272128,0.08193011423093824,13.727223170295794,0.007004323270707539,0.27843186209673443,0.008552598256664462,0.052636577167218146,0.12887186903489492,33.0635468168137,0.9451660715200751
standard_disagreement,5,0.37426064131697656,0.292253533816073,0.3660402617598781,0.017408309096413457,0.09348232705297709,30.1362080546186,0.3969691895461543,0.29900035397039515,0.3933042077409781,0.009278927108733835,0.07431526160999537,25.77676406798723,0.014669672853821198,0.15895524479571213,0.014268275539508024,0.049927414873195824,0.12122322898908065,47.580845520893064,1.1204161810703928
standard_disagreement,6,0.3908628313540577,0.26660826316442904,0.38533602045570603,0.017474591269704947,0.09166053969891522,25.154270141054674,0.41470434750477303,0.26524671861807275,0.4135917104064018,0.008927880619608898,0.07089064639562247,21.55136189848204,0.019264656525648814,0.11358633556183287,0.019490427928112206,0.05168265373357846,0.12220315645181924,39.5788761796612,1.0602081394906648
standard_disagreement,7,0.39189193587882926,0.24055338968314702,0.38870392658378533,0.017534157912499498,0.0908619505061821,23.82018221482994,0.41590618268023327,0.23792920545264523,0.4164023125135389,0.008858050591853673,0.06974209514049255,21.169602935955208,0.018835954597956065,0.061327691214615176,0.02204223810932073,0.052217798574423165,0.12195576171713168,34.418434033618965,1.0654451463802164
standard_disagreement,8,0.38367066922003035,0.22294180499331726,0.3813389115738223,0.017917558960699676,0.09131619582329017,20.413765923890285,0.4074764417604079,0.2201948426244277,0.40867187396402255,0.008842357222096999,0.06935421923340354,18.186653506681722,0.024364461648403533,0.031608527411689215,0.025992432156190303,0.05424058758296821,0.12390991581628646,29.32792161598436,1.0588494469889589
standard_disagreement,9,0.3968905046400052,0.22826768135035555,0.3943970833248494,0.017784381717951436,0.09080823511280729,48.878615491905094,0.4207614527745829,0.22492850680862858,0.4218445627332672,0.009040375584486856,0.06928919855942449,45.71604561124716,0.017412870326379837,0.00948828848480938,0.017724645183014733,0.052781286404448034,0.12196157721000823,61.52973337980023,1.104971110962808
standard_disagreement,10,0.3968099463680826,0.22247733377238332,0.3953456265115406,0.017520283092633468,0.09001976327795264,51.47912916811172,0.41766729660465257,0.2160743091937945,0.41939970541142796,0.008935703561567754,0.06885104885052155,48.74174236863998,0.014683638941547263,0.0018279405289798975,0.015305647549344688,0.0518913750302116,0.12093012190981613,62.450093010877424,1.1385286983816294
standard_disagreement,11,0.39861772605313944,0.2258097043237457,0.3973801093601006,0.017413356689322024,0.08969651907220341,49.53409980991951,0.41765597129934146,0.21896075005313878,0.4196082533097643,0.008839388428741412,0.0682875682664492,48.24688026748376,0.0157824993405762,0.006334229469208311,0.014857602851776059,0.05170966734666026,0.1207328565581614,54.68298422292321,1.1462737597049453
standard_disagreement,12,0.38757802524747376,0.22186835653705766,0.38655340784873016,0.017754106247907773,0.09033718160280318,50.13286221744926,0.4050413057802901,0.21356490789361673,0.4066893873205526,0.008909597752709879,0.06863522545151682,46.563091972667856,0.017709337339099022,0.015694214648075928,0.01919279115151687,0.05315418958560842,0.12222900002763964,64.43463913810093,1.1255832778160624
standard_disagreement,13,0.3855148226104961,0.22084326960080627,0.3843170354355489,0.017666416416926223,0.08998096210114458,38.89695164299391,0.40379374596526063,0.2135631339447815,0.40640202138821846,0.008774429312349315,0.06806270286346089,36.72036867636887,0.009735097482623014,0.009805407548957347,0.009968976010546457,0.053212522237256754,0.12224199685156195,47.59898326815014,1.1088711948599115
standard_disagreement,14,0.3858273326644319,0.21108156077536058,0.3841526068764727,0.017471606188069783,0.08956655551023938,36.34205183812085,0.4000115570855008,0.20152033440274375,0.4016202862958234,0.008739120789505988,0.06801992022395921,35.79558807934778,0.016634870284589324,-0.0016707738307686689,0.016578013658942303,0.05240202176175318,0.12122183104041451,38.53126254530951,1.1173694462853823
standard_disagreement,15,0.37963800679012805,0.21071184731973494,0.3775528821324705,0.017836264540947746,0.09008575140348807,36.087095476947404,0.39855365713630647,0.20177007509368639,0.39961056191765304,0.008728606985724873,0.0679073131680568,33.33239328702275,0.019296936412477986,0.010346452888886061,0.019393748501758724,0.05430033889232037,0.12310344678419885,47.1158973901227,1.056672699417511
