approach,rf_config,global_spearman_true,global_spearman_resid,global_log_pearson_true,global_mse_var,global_rmse_var,global_nlpd_aleatoric,id_only_spearman_true,id_only_spearman_resid,id_only_log_pearson_true,id_only_mse_var,id_only_rmse_var,id_only_nlpd_aleatoric,ood_only_spearman_true,ood_only_spearman_resid,ood_only_log_pearson_true,ood_only_mse_var,ood_only_rmse_var,ood_only_nlpd_aleatoric,ood_id_variance_ratio
shaker_entropy,RF_DeepEnsemble300,0.4598860979907406,0.2708127643379339,0.37047447698299535,0.5315154068177623,0.6003901135386052,850868.4174401433,0.48357172506375556,0.2700521389562432,0.37329400110803307,0.5350561273202843,0.6066871694492108,770995.1450451034,0.02385416348266132,0.07662450474174722,0.021556042176559844,0.5171678405352559,0.5526107870026931,1167603.191166244,-33063505.51835992
shaker_entropy,RF_Default,0.47728061978969205,0.2892521110710647,0.3322715976232877,0.8079408920433961,0.8081910997544524,1093795.704526374,0.5064073216197132,0.2896658313444043,0.33239847310926296,0.804738117326442,0.8117293906667632,963444.8371073959,0.03440713478906835,0.0907416609837952,0.014480456737478838,0.8205798081264323,0.7404463136122426,1612485.3593409853,-46001413.61084705
shaker_entropy,RF_Overfit_Leaf1,0.3147554352424818,0.1922571730012439,0.0,16.532908638597334,4.052625622296288,5954100.246733419,0.32881220109183734,0.19620115108988354,0.0,16.395455703454825,4.035684971030056,5041376.140256534,0.02040257252647988,0.04343793449592782,0.0,17.0804244010205,4.115524621528807,9599743.012796666,-393065126.72994626
shaker_entropy,RF_Shallow,0.34925390785660027,0.21853610104098928,0.29974511830685013,0.4840579564480274,0.574586524053622,597248.2449221542,0.3674255177047544,0.21905559469979538,0.30557364505148765,0.4860777225773005,0.5796054578184365,547772.5681485411,0.004037084375135479,0.0808285588682657,0.006031577324004659,0.4758699356131475,0.5391679662114336,790286.2094704261,-25874845.648943756
shaker_entropy,RF_Smoothed_Leaf15,0.4791381739968083,0.29018378432647285,0.37292077618059577,0.5954726035460909,0.6872753534159423,852085.8708670494,0.5106426430755323,0.29218132607270914,0.3719692250391967,0.5928468359328053,0.6894716645008366,757268.109714084,0.028364374089029292,0.09995025545494939,0.028755918070636037,0.6058147670660813,0.6398306642845513,1227881.6694620126,-33997897.01225361
shaker_geom_std,RF_DeepEnsemble300,0.4598860979907406,0.2708127643379339,0.4447611771845538,0.03400793316264353,0.1765701169423346,0.3433417025487553,0.48357172506375556,0.2700521389562432,0.47775591746222,0.03258965006173804,0.1732603356963759,0.3110013076318519,0.02385416348266132,0.07662450474174722,0.025559610807228045,0.03968567630632604,0.18615864984584993,0.47229648681416875,1.0586289702001188
shaker_geom_std,RF_Default,0.47728061978969205,0.2892521110710647,0.4781872990417246,0.02212843132950147,0.1423625770341933,0.27156760691105164,0.5064073216197132,0.2896658313444043,0.5141437720681457,0.02064515932805591,0.1377883166248849,0.2383965473669533,0.03440713478906835,0.0907416609837952,0.03526583843624995,0.02806576564881018,0.15198717306757048,0.40384732272059054,1.0696194442315565
shaker_geom_std,RF_Overfit_Leaf1,0.3147554352424818,0.1922571730012439,0.3142690849720701,0.026233585619847,0.11420761546127008,1.6945117494844868,0.32881220109183734,0.19620115108988354,0.33174674873737836,0.01413986904022735,0.09044214707225251,1.2589923201604938,0.02040257252647988,0.04343793449592782,0.021066548109523926,0.07456818516213615,0.14697382428117203,3.432629681687234,0.9997116109254641
shaker_geom_std,RF_Shallow,0.34925390785660027,0.21853610104098928,0.3152018057941038,0.05261278480091373,0.2163830552162331,0.4253173336724208,0.3674255177047544,0.21905559469979538,0.33454067041757496,0.05078052789898631,0.2129261248474648,0.3874305121778629,0.004037084375135479,0.0808285588682657,0.00471136712927187,0.05995073137863793,0.2267391820856435,0.5764410092030189,1.008047700988112
shaker_geom_std,RF_Smoothed_Leaf15,0.4791381739968083,0.29018378432647285,0.4756693572867552,0.032098038365199436,0.17144211811170887,0.32874482073000155,0.5106426430755323,0.29218132607270914,0.5156907322011279,0.031720011901524334,0.170554081190879,0.2967775740230222,0.028364374089029292,0.09995025545494939,0.0287393924151808,0.03361596835574204,0.17179700114431742,0.45619274139351534,1.0587241663976643
shaker_geom_var,RF_DeepEnsemble300,0.4598860979907406,0.2708127643379339,0.4447611771845538,0.009183804749461694,0.0577617867718205,0.10758870803651213,0.48357172506375556,0.2700521389562432,0.47775591746222,0.002252173097614264,0.0363505866501946,-0.041278506196665586,0.02385416348266132,0.07662450474174722,0.02555961080722804,0.036914150174946384,0.09390705866160907,0.6987070965300564,1.1395200430495236
shaker_geom_var,RF_Default,0.47728061978969205,0.2892521110710647,0.4781872990417246,0.009581300662987317,0.06308225988757778,0.11529491437735541,0.5064073216197132,0.2896658313444043,0.5141437720681457,0.0027970829495406473,0.04217693918557942,-0.04715482844132921,0.03440713478906835,0.0907416609837952,0.03526583843624995,0.036721909052981234,0.0966245102089811,0.7607585647309792,1.1766103086163868
shaker_geom_var,RF_Overfit_Leaf1,0.3147554352424818,0.1922571730012439,0.3142690849720701,0.030781659958481603,0.1283769948787728,162.4491558628118,0.32881220109183734,0.19620115108988354,0.33174674873737836,0.017890493651765732,0.10469753348820557,135.21710521612087,0.02040257252647988,0.04343793449592782,0.021066548109523926,0.08230295473087954,0.16001866027921738,270.95673124196543,1.0179108657976261
shaker_geom_var,RF_Shallow,0.34925390785660027,0.21853610104098928,0.3152018057941038,0.013105829582061163,0.07350564636074217,0.20247188208598962,0.3674255177047544,0.21905559469979538,0.33454067041757496,0.004835549723106394,0.05196806533889623,0.05529663685813896,0.004037084375135479,0.0808285588682657,0.004711367129271893,0.04618553716180748,0.1115486236003713,0.7875126443869851,1.019096947703999
shaker_geom_var,RF_Smoothed_Leaf15,0.4791381739968083,0.29018378432647285,0.4756693572867552,0.007114106043693114,0.050769715715012466,0.062379319260583925,0.5106426430755323,0.29218132607270914,0.5156907322011279,0.0014322001093404766,0.02982657712050456,-0.07484226054707666,0.028364374089029292,0.09995025545494939,0.028739392415180795,0.029842508693068894,0.08597757917304084,0.6073099127171326,1.1480668222865449
standard_ari_std,RF_DeepEnsemble300,0.4615272014835028,0.2728935662527412,0.4414860904052407,0.037745610017811945,0.18585447595579097,0.35788952143182795,0.4826226057753158,0.270563484709109,0.4727256665801068,0.037358023296949,0.18507548550234312,0.32817753515819004,0.02584444262506744,0.08117950280768581,0.02673847160190763,0.03930027020237063,0.18703043430574698,0.47633906733389797,1.0554270704061557
standard_ari_std,RF_Default,0.4720180176247982,0.2865517319978904,0.4716812984292525,0.029272218323789657,0.1638702223022413,0.3127214392652252,0.49540803772000636,0.28477672822120603,0.5018173196590809,0.029152990069205163,0.16370604034019745,0.28327123943762256,0.03269708622417321,0.09161748338263112,0.03370918096701547,0.029752461973468657,0.16198568976779976,0.43012360598311933,1.0645375024804724
standard_ari_std,RF_Overfit_Leaf1,0.432362752254941,0.268896195928104,0.4331226748930374,0.018797648077851812,0.131076564731234,0.25467421396219314,0.44876318562762807,0.2671572929300616,0.45551691629732266,0.01719376531151399,0.12643208503733647,0.219711872072071,0.03710205522150134,0.07007834554926065,0.03772980514644617,0.025211402259544515,0.14185520629798715,0.394024554691924,1.0652717791438648
standard_ari_std,RF_Shallow,0.34785488991715796,0.218657712426471,0.31065613902688044,0.05367289264395117,0.21845228137317899,0.42783820371183146,0.3635040424556914,0.2181371137479195,0.32765044371437235,0.05222696447683242,0.21575151011693863,0.39084563541627027,0.004444549312917957,0.08131295103594384,0.004899443705328673,0.059465539869660695,0.22631323815502805,0.5753878360218847,1.0088954720357297
standard_ari_std,RF_Smoothed_Leaf15,0.4750789669991092,0.28742057468599364,0.4714093808375951,0.03596248200980805,0.18141405379523318,0.34740362094655913,0.5021712296953791,0.28767242850289687,0.5063964318014937,0.03630654900877044,0.182455484832064,0.317331111123138,0.027417937637707442,0.09724957847862015,0.02775195881617359,0.034591109201619286,0.17504371473478003,0.4672729986342856,1.0556874660497595
standard_ari_var,RF_DeepEnsemble300,0.4615272014835028,0.2728935662527412,0.4414860904052407,0.00782614313592456,0.05432319585859792,0.09338992803465135,0.4826226057753158,0.270563484709109,0.4727256665801068,0.0019999113667014293,0.034452199050777774,-0.040408630298997016,0.02584444262506744,0.08117950280768581,0.026738471601907628,0.031133862731323403,0.08798547500828624,0.6243663069984988,1.135351342996873
standard_ari_var,RF_Default,0.4720180176247982,0.2865517319978904,0.4716812984292525,0.00684778537165523,0.05319880105246995,0.06699900905228677,0.49540803772000636,0.28477672822120603,0.5018173196590809,0.0017226242158408162,0.03388281910092045,-0.07094242382178616,0.03269708622417321,0.09161748338263112,0.033709180967015466,0.02735028131541338,0.08451004656264297,0.6145308516437331,1.1670719991767762
standard_ari_var,RF_Overfit_Leaf1,0.432362752254941,0.268896195928104,0.4331226748930374,0.011436335398982504,0.07366227943572894,0.4071194296792032,0.44876318562762807,0.2671572929300616,0.45551691629732266,0.004458405875305661,0.05318656792886065,0.16534859121774623,0.03710205522150134,0.07007834554926065,0.03772980514644617,0.03933856522492932,0.10484589025387274,1.3657859157950223,1.163044900826917
standard_ari_var,RF_Shallow,0.34785488991715796,0.218657712426471,0.31065613902688044,0.012773328732624415,0.07293035877591982,0.19659344942466878,0.3635040424556914,0.2181371137479195,0.32765044371437235,0.00484683139121697,0.051888641046876405,0.054750971079230215,0.004444549312917957,0.08131295103594384,0.0048994437053286755,0.04447851034874465,0.11050282955936513,0.7603620516679264,1.0216242594104332
standard_ari_var,RF_Smoothed_Leaf15,0.4750789669991092,0.28742057468599364,0.4714093808375951,0.006009354488059494,0.04789519756091064,0.06031078676787938,0.5021712296953791,0.28767242850289687,0.5063964318014937,0.001293444675462388,0.028351237821102413,-0.06752054054638902,0.027417937637707442,0.09724957847862015,0.027751958816173594,0.024872607319435674,0.08053104743453139,0.5677259452386396,1.142875885135065
standard_disagreement,RF_DeepEnsemble300,0.3662759188706033,0.23225130545703845,0.361228276205556,0.021603850766053055,0.10597687140088924,5.068217481936445,0.3763761159920146,0.22456382704100747,0.3751968985959275,0.011565787098418674,0.08374617645606083,4.427020383445958,0.013343113000190102,0.0687092047105252,0.014338859328261995,0.061725974507016924,0.1379751763780826,7.608869432875359,1.1646748072737583
standard_disagreement,RF_Default,0.4435041846602656,0.2748679445449915,0.4447388285759989,0.011801774311320087,0.07354935977337573,0.6086189232801618,0.4666684304882484,0.2706731894827217,0.473457942226058,0.004498091510176913,0.052372857081570225,0.15895450297753852,0.024718417281307182,0.08131285438266177,0.02629268350880454,0.040982858551061804,0.10627815008727082,2.381450562239407,1.2055868464300559
standard_disagreement,RF_Overfit_Leaf1,0.4232625071655916,0.26828457953604296,0.4225613538379213,0.007067186155927735,0.060576305208846375,0.49259985596627853,0.4370984547748259,0.2622327709774672,0.442230759832732,0.00323555126557223,0.04503597002228073,0.35248292853482194,0.03591985746958251,0.0681736467892112,0.03572166441769536,0.022379347331182974,0.08660907124910469,1.0481059214554576,1.192830059858052
standard_disagreement,RF_Shallow,0.2123548837637953,0.12701076311416645,0.20571923660738678,0.029506853077790225,0.12521497056951816,141.25168261844817,0.2171637458441025,0.12251011040292789,0.20844805715859405,0.01692257349225562,0.10173961073701368,129.33666626741038,0.0005341878955834405,0.029411884877024765,0.0006306718207960045,0.07981019282100296,0.1572162030177014,188.87927401121874,0.9663138896453604
standard_disagreement,RF_Smoothed_Leaf15,0.42632826610747754,0.2510656098554028,0.4255880083222051,0.020260558974622377,0.10142182508944238,1.8495732981692372,0.4508924840673376,0.255738554700046,0.4557444047483616,0.010141372363333569,0.07891666594195901,0.8206307658496559,0.021853451182430046,0.06297997904857838,0.022936875414910265,0.06069698091478187,0.13241777129105,5.9057118621557905,1.130593735005115
