task,optimizer,optimizer_name,seed,n_trials,final_incumbent_regret,best_y_true,mean_eval_time
ackley_2d,baseline,SMAC3 Baseline (EI),1,50,3.617753254172016,3.617753254172016,0.0005682659149169922
ackley_2d,baseline,SMAC3 Baseline (EI),2,50,2.769053769214118,2.769053769214118,0.0005687665939331055
ackley_2d,baseline,SMAC3 Baseline (EI),3,50,6.215900637650424,6.215900637650424,0.0005946922302246094
ackley_2d,baseline,SMAC3 Baseline (EI),4,50,0.18949971940659482,0.18949971940659482,0.0005775022506713867
ackley_2d,baseline,SMAC3 Baseline (EI),5,50,1.2869734173257545,1.2869734173257545,0.0006129884719848633
ackley_2d,baseline,SMAC3 Baseline (EI),6,50,0.12897001885306425,0.12897001885306425,0.0005934238433837891
ackley_2d,baseline,SMAC3 Baseline (EI),7,50,0.9984442702798835,0.9984442702798835,0.0005804157257080078
ackley_2d,baseline,SMAC3 Baseline (EI),8,50,1.0398857991397255,1.0398857991397255,0.0006187057495117187
ackley_2d,baseline,SMAC3 Baseline (EI),9,50,2.8629106858934823,2.8629106858934823,0.0006244659423828125
ackley_2d,baseline,SMAC3 Baseline (EI),10,50,0.10430519770350744,0.10430519770350744,0.0005280876159667969
ackley_2d,baseline,SMAC3 Baseline (EI),11,50,1.0914467947213429,1.0914467947213429,0.0006146430969238281
ackley_2d,baseline,SMAC3 Baseline (EI),12,50,0.235037687067845,0.235037687067845,0.0006549644470214843
ackley_2d,baseline,SMAC3 Baseline (EI),13,50,4.93212652951749,4.93212652951749,0.0005835247039794922
ackley_2d,baseline,SMAC3 Baseline (EI),14,50,6.093868212638615,6.093868212638615,0.0005200910568237305
ackley_2d,baseline,SMAC3 Baseline (EI),15,50,0.52000715070993,0.52000715070993,0.0006607866287231445
ackley_2d,baseline,SMAC3 Baseline (EI),16,50,2.6413708404724727,2.6413708404724727,0.0005879020690917969
ackley_2d,baseline,SMAC3 Baseline (EI),17,50,3.852319556723494,3.852319556723494,0.0005852317810058593
ackley_2d,baseline,SMAC3 Baseline (EI),18,50,0.7779625555367073,0.7779625555367073,0.0005356359481811523
ackley_2d,baseline,SMAC3 Baseline (EI),19,50,3.605851712041986,3.605851712041986,0.0005268526077270508
ackley_2d,baseline,SMAC3 Baseline (EI),20,50,0.4687053452738934,0.4687053452738934,0.0005890750885009766
ackley_2d,baseline,SMAC3 Baseline (EI),21,50,3.585933798791015,3.585933798791015,0.0005421924591064453
ackley_2d,baseline,SMAC3 Baseline (EI),22,50,2.9413553137143116,2.9413553137143116,0.0005262374877929687
ackley_2d,baseline,SMAC3 Baseline (EI),23,50,0.7661090225448004,0.7661090225448004,0.0005809497833251953
ackley_2d,baseline,SMAC3 Baseline (EI),24,50,2.8068611987387553,2.8068611987387553,0.0005701875686645508
ackley_2d,baseline,SMAC3 Baseline (EI),25,50,3.688039223460603,3.688039223460603,0.0005688905715942383
ackley_2d,baseline,SMAC3 Baseline (EI),26,50,3.6524442215663027,3.6524442215663027,0.0004946279525756836
ackley_2d,baseline,SMAC3 Baseline (EI),27,50,2.5862628768947578,2.5862628768947578,0.0005829954147338868
ackley_2d,baseline,SMAC3 Baseline (EI),28,50,0.15424054846214164,0.15424054846214164,0.0005803489685058593
ackley_2d,baseline,SMAC3 Baseline (EI),29,50,2.6048425204711276,2.6048425204711276,0.0005534648895263672
ackley_2d,baseline,SMAC3 Baseline (EI),30,50,0.6808028711922387,0.6808028711922387,0.0006075859069824219
ackley_2d,da_ehrf_direct_ei,DA-EHRF Direct EI,1,50,0.48523048654971435,0.48523048654971435,0.0005750989913940429
ackley_2d,da_ehrf_direct_ei,DA-EHRF Direct EI,2,50,1.8779270779112776,1.8779270779112776,0.0005909872055053711
ackley_2d,da_ehrf_direct_ei,DA-EHRF Direct EI,3,50,3.653260089564633,3.653260089564633,0.000565485954284668
ackley_2d,da_ehrf_direct_ei,DA-EHRF Direct EI,4,50,2.233854735528887,2.233854735528887,0.000555267333984375
ackley_2d,da_ehrf_direct_ei,DA-EHRF Direct EI,5,50,2.2053292876029507,2.2053292876029507,0.0005568027496337891
ackley_2d,da_ehrf_direct_ei,DA-EHRF Direct EI,6,50,2.6324711424166805,2.6324711424166805,0.0006214094161987305
ackley_2d,da_ehrf_direct_ei,DA-EHRF Direct EI,7,50,3.1604869121748718,3.1604869121748718,0.0007396173477172851
ackley_2d,da_ehrf_direct_ei,DA-EHRF Direct EI,8,50,3.4832124227613126,3.4832124227613126,0.0006263637542724609
ackley_2d,da_ehrf_direct_ei,DA-EHRF Direct EI,9,50,2.4572689503742535,2.4572689503742535,0.0007287931442260743
ackley_2d,da_ehrf_direct_ei,DA-EHRF Direct EI,10,50,1.3195846187726663,1.3195846187726663,0.0006080102920532226
ackley_2d,da_ehrf_direct_ei,DA-EHRF Direct EI,11,50,0.5566545781717704,0.5566545781717704,0.0005980730056762695
ackley_2d,da_ehrf_direct_ei,DA-EHRF Direct EI,12,50,0.3398075387774644,0.3398075387774644,0.000583343505859375
ackley_2d,da_ehrf_direct_ei,DA-EHRF Direct EI,13,50,2.5991847373857913,2.5991847373857913,0.0005882692337036133
ackley_2d,da_ehrf_direct_ei,DA-EHRF Direct EI,14,50,3.200931364193359,3.200931364193359,0.0005468606948852539
ackley_2d,da_ehrf_direct_ei,DA-EHRF Direct EI,15,50,3.2096248498562514,3.2096248498562514,0.000632009506225586
ackley_2d,da_ehrf_direct_ei,DA-EHRF Direct EI,16,50,2.6808423681060707,2.6808423681060707,0.0005420446395874023
ackley_2d,da_ehrf_direct_ei,DA-EHRF Direct EI,17,50,2.623696882750281,2.623696882750281,0.0006150531768798828
ackley_2d,da_ehrf_direct_ei,DA-EHRF Direct EI,18,50,1.2122944192912546,1.2122944192912546,0.0006050968170166016
ackley_2d,da_ehrf_direct_ei,DA-EHRF Direct EI,19,50,2.6575527618635815,2.6575527618635815,0.0005969810485839844
ackley_2d,da_ehrf_direct_ei,DA-EHRF Direct EI,20,50,1.0189810438094864,1.0189810438094864,0.0005610847473144532
ackley_2d,da_ehrf_direct_ei,DA-EHRF Direct EI,21,50,0.4500950098653935,0.4500950098653935,0.0006156778335571289
ackley_2d,da_ehrf_direct_ei,DA-EHRF Direct EI,22,50,1.378682467487018,1.378682467487018,0.0006387805938720703
ackley_2d,da_ehrf_direct_ei,DA-EHRF Direct EI,23,50,0.3883047462682936,0.3883047462682936,0.0006249237060546875
ackley_2d,da_ehrf_direct_ei,DA-EHRF Direct EI,24,50,0.22564308676088674,0.22564308676088674,0.0005943870544433594
ackley_2d,da_ehrf_direct_ei,DA-EHRF Direct EI,25,50,2.945413891444073,2.945413891444073,0.0005443143844604492
ackley_2d,da_ehrf_direct_ei,DA-EHRF Direct EI,26,50,3.1894986527693594,3.1894986527693594,0.0006184673309326172
ackley_2d,da_ehrf_direct_ei,DA-EHRF Direct EI,27,50,3.460317324958105,3.460317324958105,0.000603494644165039
ackley_2d,da_ehrf_direct_ei,DA-EHRF Direct EI,28,50,1.318105903340467,1.318105903340467,0.0005877971649169922
ackley_2d,da_ehrf_direct_ei,DA-EHRF Direct EI,29,50,1.0455987163900038,1.0455987163900038,0.000548257827758789
ackley_2d,da_ehrf_direct_ei,DA-EHRF Direct EI,30,50,0.47108172533936044,0.47108172533936044,0.0006081008911132812
rosenbrock_2d,baseline,SMAC3 Baseline (EI),1,50,0.16170236000681124,0.16170236000681124,0.0005858755111694336
rosenbrock_2d,baseline,SMAC3 Baseline (EI),2,50,2.676331837222073,2.676331837222073,0.0005394172668457031
rosenbrock_2d,baseline,SMAC3 Baseline (EI),3,50,1.192062017354777,1.192062017354777,0.0005298566818237305
rosenbrock_2d,baseline,SMAC3 Baseline (EI),4,50,2.163700888474152,2.163700888474152,0.0005610370635986328
rosenbrock_2d,baseline,SMAC3 Baseline (EI),5,50,10.078799259768463,10.078799259768463,0.0005247020721435547
rosenbrock_2d,baseline,SMAC3 Baseline (EI),6,50,3.516006964364792,3.516006964364792,0.0005269289016723633
rosenbrock_2d,baseline,SMAC3 Baseline (EI),7,50,0.7978567119105703,0.7978567119105703,0.000555572509765625
rosenbrock_2d,baseline,SMAC3 Baseline (EI),8,50,0.16920358111255654,0.16920358111255654,0.0005163240432739258
rosenbrock_2d,baseline,SMAC3 Baseline (EI),9,50,0.6092595744622062,0.6092595744622062,0.0005453968048095703
rosenbrock_2d,baseline,SMAC3 Baseline (EI),10,50,0.035331854238418406,0.035331854238418406,0.0004625701904296875
rosenbrock_2d,baseline,SMAC3 Baseline (EI),11,50,6.92032740936125,6.92032740936125,0.0005399322509765625
rosenbrock_2d,baseline,SMAC3 Baseline (EI),12,50,1.2311529010931839,1.2311529010931839,0.0005174922943115234
rosenbrock_2d,baseline,SMAC3 Baseline (EI),13,50,1.4219135819876025,1.4219135819876025,0.0005392932891845703
rosenbrock_2d,baseline,SMAC3 Baseline (EI),14,50,4.067494877539697,4.067494877539697,0.0005661535263061523
rosenbrock_2d,baseline,SMAC3 Baseline (EI),15,50,9.292413788450174,9.292413788450174,0.0005829620361328125
rosenbrock_2d,baseline,SMAC3 Baseline (EI),16,50,0.5130972175113551,0.5130972175113551,0.0005684041976928711
rosenbrock_2d,baseline,SMAC3 Baseline (EI),17,50,0.06169365460310043,0.06169365460310043,0.0005561304092407226
rosenbrock_2d,baseline,SMAC3 Baseline (EI),18,50,2.1915473189736137,2.1915473189736137,0.0004882001876831055
rosenbrock_2d,baseline,SMAC3 Baseline (EI),19,50,4.123927466209307,4.123927466209307,0.0005358314514160156
rosenbrock_2d,baseline,SMAC3 Baseline (EI),20,50,1.741284384330248,1.741284384330248,0.0005199241638183593
rosenbrock_2d,baseline,SMAC3 Baseline (EI),21,50,6.245396359489179,6.245396359489179,0.0005233335494995117
rosenbrock_2d,baseline,SMAC3 Baseline (EI),22,50,34.555507747495525,34.555507747495525,0.0005182886123657227
rosenbrock_2d,baseline,SMAC3 Baseline (EI),23,50,0.38482940481645816,0.38482940481645816,0.0005267429351806641
rosenbrock_2d,baseline,SMAC3 Baseline (EI),24,50,1.279921786447056,1.279921786447056,0.0005617809295654297
rosenbrock_2d,baseline,SMAC3 Baseline (EI),25,50,4.092981834547079,4.092981834547079,0.0005285453796386719
rosenbrock_2d,baseline,SMAC3 Baseline (EI),26,50,7.51324099357646,7.51324099357646,0.0005697965621948242
rosenbrock_2d,baseline,SMAC3 Baseline (EI),27,50,0.2992223259798235,0.2992223259798235,0.0006120634078979492
rosenbrock_2d,baseline,SMAC3 Baseline (EI),28,50,0.41203947639120475,0.41203947639120475,0.0005711030960083008
rosenbrock_2d,baseline,SMAC3 Baseline (EI),29,50,0.918322638638687,0.918322638638687,0.0007933616638183594
rosenbrock_2d,baseline,SMAC3 Baseline (EI),30,50,2.99348207720644,2.99348207720644,0.0005842256546020508
rosenbrock_2d,da_ehrf_direct_ei,DA-EHRF Direct EI,1,50,3.9546831100833093,3.9546831100833093,0.0005606937408447265
rosenbrock_2d,da_ehrf_direct_ei,DA-EHRF Direct EI,2,50,1.831432763610477,1.831432763610477,0.0004708480834960938
rosenbrock_2d,da_ehrf_direct_ei,DA-EHRF Direct EI,3,50,2.2302542861787185,2.2302542861787185,0.0005372858047485351
rosenbrock_2d,da_ehrf_direct_ei,DA-EHRF Direct EI,4,50,1.2321396999931855,1.2321396999931855,0.0005529975891113281
rosenbrock_2d,da_ehrf_direct_ei,DA-EHRF Direct EI,5,50,9.992045396915138,9.992045396915138,0.0005566310882568359
rosenbrock_2d,da_ehrf_direct_ei,DA-EHRF Direct EI,6,50,3.516006964364792,3.516006964364792,0.0005164051055908203
rosenbrock_2d,da_ehrf_direct_ei,DA-EHRF Direct EI,7,50,36.081894758078455,36.081894758078455,0.0005430364608764648
rosenbrock_2d,da_ehrf_direct_ei,DA-EHRF Direct EI,8,50,0.10957194958447225,0.10957194958447225,0.0005343008041381836
rosenbrock_2d,da_ehrf_direct_ei,DA-EHRF Direct EI,9,50,0.15941476055793152,0.15941476055793152,0.0005306720733642579
rosenbrock_2d,da_ehrf_direct_ei,DA-EHRF Direct EI,10,50,0.5576881405890783,0.5576881405890783,0.0005639028549194336
rosenbrock_2d,da_ehrf_direct_ei,DA-EHRF Direct EI,11,50,118.56366244178103,118.56366244178103,0.000545339584350586
rosenbrock_2d,da_ehrf_direct_ei,DA-EHRF Direct EI,12,50,1.2787552985472717,1.2787552985472717,0.000576019287109375
rosenbrock_2d,da_ehrf_direct_ei,DA-EHRF Direct EI,13,50,0.78105769791934,0.78105769791934,0.000567326545715332
rosenbrock_2d,da_ehrf_direct_ei,DA-EHRF Direct EI,14,50,4.067494877539697,4.067494877539697,0.0005358600616455078
rosenbrock_2d,da_ehrf_direct_ei,DA-EHRF Direct EI,15,50,11.69608341590738,11.69608341590738,0.0005310678482055664
rosenbrock_2d,da_ehrf_direct_ei,DA-EHRF Direct EI,16,50,0.11156152925991641,0.11156152925991641,0.0005360221862792968
rosenbrock_2d,da_ehrf_direct_ei,DA-EHRF Direct EI,17,50,1.4921687670235497,1.4921687670235497,0.0005425262451171875
rosenbrock_2d,da_ehrf_direct_ei,DA-EHRF Direct EI,18,50,4.429433279781494,4.429433279781494,0.0005375576019287109
rosenbrock_2d,da_ehrf_direct_ei,DA-EHRF Direct EI,19,50,0.9983303929934948,0.9983303929934948,0.0005233192443847656
rosenbrock_2d,da_ehrf_direct_ei,DA-EHRF Direct EI,20,50,8.135242764258525,8.135242764258525,0.0006663322448730469
rosenbrock_2d,da_ehrf_direct_ei,DA-EHRF Direct EI,21,50,0.7735067677519489,0.7735067677519489,0.0005424451828002929
rosenbrock_2d,da_ehrf_direct_ei,DA-EHRF Direct EI,22,50,4.8497219030715,4.8497219030715,0.0005354261398315429
rosenbrock_2d,da_ehrf_direct_ei,DA-EHRF Direct EI,23,50,0.38482940481645816,0.38482940481645816,0.0005218887329101563
rosenbrock_2d,da_ehrf_direct_ei,DA-EHRF Direct EI,24,50,0.23094610551393593,0.23094610551393593,0.0005948352813720703
rosenbrock_2d,da_ehrf_direct_ei,DA-EHRF Direct EI,25,50,10.99958605354366,10.99958605354366,0.0005018854141235351
rosenbrock_2d,da_ehrf_direct_ei,DA-EHRF Direct EI,26,50,16.027611937399232,16.027611937399232,0.0005056524276733399
rosenbrock_2d,da_ehrf_direct_ei,DA-EHRF Direct EI,27,50,5.963318263093641,5.963318263093641,0.0005610942840576172
rosenbrock_2d,da_ehrf_direct_ei,DA-EHRF Direct EI,28,50,0.2874204958974156,0.2874204958974156,0.000556492805480957
rosenbrock_2d,da_ehrf_direct_ei,DA-EHRF Direct EI,29,50,0.918322638638687,0.918322638638687,0.0005315876007080078
rosenbrock_2d,da_ehrf_direct_ei,DA-EHRF Direct EI,30,50,0.629644421063249,0.629644421063249,0.00046204566955566407
sphere_2d,baseline,SMAC3 Baseline (EI),1,50,0.2292024882729154,0.2292024882729154,0.0003773355484008789
sphere_2d,baseline,SMAC3 Baseline (EI),2,50,0.07175569464374938,0.07175569464374938,0.0003423357009887695
sphere_2d,baseline,SMAC3 Baseline (EI),3,50,4.440066532002576,4.440066532002576,0.0003610038757324219
sphere_2d,baseline,SMAC3 Baseline (EI),4,50,0.0024616722967191235,0.0024616722967191235,0.00037201881408691404
sphere_2d,baseline,SMAC3 Baseline (EI),5,50,0.01611399750914905,0.01611399750914905,0.00034753799438476564
sphere_2d,baseline,SMAC3 Baseline (EI),6,50,0.0032437057586159244,0.0032437057586159244,0.0003366947174072266
sphere_2d,baseline,SMAC3 Baseline (EI),7,50,0.1654831078667053,0.1654831078667053,0.0003434419631958008
sphere_2d,baseline,SMAC3 Baseline (EI),8,50,0.018902389584413724,0.018902389584413724,0.0003482437133789063
sphere_2d,baseline,SMAC3 Baseline (EI),9,50,0.10874690084076423,0.10874690084076423,0.00033625602722167966
sphere_2d,baseline,SMAC3 Baseline (EI),10,50,0.03692338317315125,0.03692338317315125,0.00035319805145263674
sphere_2d,baseline,SMAC3 Baseline (EI),11,50,0.023492034670492972,0.023492034670492972,0.00031674861907958984
sphere_2d,baseline,SMAC3 Baseline (EI),12,50,0.005247695493137058,0.005247695493137058,0.00037342071533203125
sphere_2d,baseline,SMAC3 Baseline (EI),13,50,2.3600238164847966,2.3600238164847966,0.0003213596343994141
sphere_2d,baseline,SMAC3 Baseline (EI),14,50,0.10682652614610129,0.10682652614610129,0.0003543519973754883
sphere_2d,baseline,SMAC3 Baseline (EI),15,50,0.11703976388388533,0.11703976388388533,0.00037493228912353514
sphere_2d,baseline,SMAC3 Baseline (EI),16,50,0.10960280373288826,0.10960280373288826,0.0003552103042602539
sphere_2d,baseline,SMAC3 Baseline (EI),17,50,0.13634429530798625,0.13634429530798625,0.00034927845001220704
sphere_2d,baseline,SMAC3 Baseline (EI),18,50,0.2751970756967807,0.2751970756967807,0.00035907745361328123
sphere_2d,baseline,SMAC3 Baseline (EI),19,50,0.04933363688248805,0.04933363688248805,0.0003172731399536133
sphere_2d,baseline,SMAC3 Baseline (EI),20,50,0.016357659723456278,0.016357659723456278,0.00035199642181396487
sphere_2d,baseline,SMAC3 Baseline (EI),21,50,1.8638987027756868,1.8638987027756868,0.00033213138580322264
sphere_2d,baseline,SMAC3 Baseline (EI),22,50,3.146051569660677,3.146051569660677,0.0003497171401977539
sphere_2d,baseline,SMAC3 Baseline (EI),23,50,0.06267311833826796,0.06267311833826796,0.00034935951232910155
sphere_2d,baseline,SMAC3 Baseline (EI),24,50,0.13880143472382017,0.13880143472382017,0.00036092758178710936
sphere_2d,baseline,SMAC3 Baseline (EI),25,50,0.6017425101180591,0.6017425101180591,0.00036023616790771486
sphere_2d,baseline,SMAC3 Baseline (EI),26,50,0.42560720829348614,0.42560720829348614,0.00036351203918457033
sphere_2d,baseline,SMAC3 Baseline (EI),27,50,0.021918474761011924,0.021918474761011924,0.00037596225738525393
sphere_2d,baseline,SMAC3 Baseline (EI),28,50,0.011888931061191209,0.011888931061191209,0.00037339210510253904
sphere_2d,baseline,SMAC3 Baseline (EI),29,50,0.13996501547877607,0.13996501547877607,0.0003297662734985352
sphere_2d,baseline,SMAC3 Baseline (EI),30,50,0.008074745447263327,0.008074745447263327,0.00042484283447265627
sphere_2d,da_ehrf_direct_ei,DA-EHRF Direct EI,1,50,0.04006361730478997,0.04006361730478997,0.0003200483322143555
sphere_2d,da_ehrf_direct_ei,DA-EHRF Direct EI,2,50,0.1967322417774858,0.1967322417774858,0.0003532123565673828
sphere_2d,da_ehrf_direct_ei,DA-EHRF Direct EI,3,50,0.017795952565906395,0.017795952565906395,0.00043219566345214844
sphere_2d,da_ehrf_direct_ei,DA-EHRF Direct EI,4,50,0.10229098951594644,0.10229098951594644,0.0003429269790649414
sphere_2d,da_ehrf_direct_ei,DA-EHRF Direct EI,5,50,0.040490852446036556,0.040490852446036556,0.0003689241409301758
sphere_2d,da_ehrf_direct_ei,DA-EHRF Direct EI,6,50,0.6923910123175822,0.6923910123175822,0.00038876056671142576
sphere_2d,da_ehrf_direct_ei,DA-EHRF Direct EI,7,50,0.19604336122157862,0.19604336122157862,0.0003643655776977539
sphere_2d,da_ehrf_direct_ei,DA-EHRF Direct EI,8,50,0.10121821011994041,0.10121821011994041,0.000391993522644043
sphere_2d,da_ehrf_direct_ei,DA-EHRF Direct EI,9,50,0.06698985439095073,0.06698985439095073,0.0003510522842407227
sphere_2d,da_ehrf_direct_ei,DA-EHRF Direct EI,10,50,0.015293922685793469,0.015293922685793469,0.0003583955764770508
sphere_2d,da_ehrf_direct_ei,DA-EHRF Direct EI,11,50,0.19504971467679671,0.19504971467679671,0.0003847646713256836
sphere_2d,da_ehrf_direct_ei,DA-EHRF Direct EI,12,50,0.0006002380793075819,0.0006002380793075819,0.00035214900970458984
sphere_2d,da_ehrf_direct_ei,DA-EHRF Direct EI,13,50,3.257751776788897,3.257751776788897,0.00039553165435791016
sphere_2d,da_ehrf_direct_ei,DA-EHRF Direct EI,14,50,0.011253422404478852,0.011253422404478852,0.0003895425796508789
sphere_2d,da_ehrf_direct_ei,DA-EHRF Direct EI,15,50,0.002944921485951656,0.002944921485951656,0.0004188776016235352
sphere_2d,da_ehrf_direct_ei,DA-EHRF Direct EI,16,50,0.6716472738059892,0.6716472738059892,0.000398106575012207
sphere_2d,da_ehrf_direct_ei,DA-EHRF Direct EI,17,50,0.08846080819715867,0.08846080819715867,0.00041593074798583984
sphere_2d,da_ehrf_direct_ei,DA-EHRF Direct EI,18,50,0.07383382859085927,0.07383382859085927,0.0003743171691894531
sphere_2d,da_ehrf_direct_ei,DA-EHRF Direct EI,19,50,0.5696957735127854,0.5696957735127854,0.000371088981628418
sphere_2d,da_ehrf_direct_ei,DA-EHRF Direct EI,20,50,0.02184447170684339,0.02184447170684339,0.00035235881805419924
sphere_2d,da_ehrf_direct_ei,DA-EHRF Direct EI,21,50,0.005508287728774303,0.005508287728774303,0.00032469749450683596
sphere_2d,da_ehrf_direct_ei,DA-EHRF Direct EI,22,50,0.5192024629360174,0.5192024629360174,0.00035845279693603516
sphere_2d,da_ehrf_direct_ei,DA-EHRF Direct EI,23,50,0.15680436221360722,0.15680436221360722,0.000348200798034668
sphere_2d,da_ehrf_direct_ei,DA-EHRF Direct EI,24,50,0.0008770512587862924,0.0008770512587862924,0.0003726053237915039
sphere_2d,da_ehrf_direct_ei,DA-EHRF Direct EI,25,50,0.22744242431783981,0.22744242431783981,0.0003818941116333008
sphere_2d,da_ehrf_direct_ei,DA-EHRF Direct EI,26,50,0.9998775919621,0.9998775919621,0.00035738468170166016
sphere_2d,da_ehrf_direct_ei,DA-EHRF Direct EI,27,50,0.43078610672695694,0.43078610672695694,0.0003212785720825195
sphere_2d,da_ehrf_direct_ei,DA-EHRF Direct EI,28,50,0.015577672741400022,0.015577672741400022,0.0003351736068725586
sphere_2d,da_ehrf_direct_ei,DA-EHRF Direct EI,29,50,0.1249603213222007,0.1249603213222007,0.00038416385650634765
sphere_2d,da_ehrf_direct_ei,DA-EHRF Direct EI,30,50,0.001355448901659134,0.001355448901659134,0.00036728858947753906
rosenbrock_4d,baseline,SMAC3 Baseline (EI),1,50,519.4737006498941,519.4737006498941,0.0005153322219848633
rosenbrock_4d,baseline,SMAC3 Baseline (EI),2,50,16.435152009732114,16.435152009732114,0.0005144262313842773
rosenbrock_4d,baseline,SMAC3 Baseline (EI),3,50,1975.7736221226628,1975.7736221226628,0.0005059528350830078
rosenbrock_4d,baseline,SMAC3 Baseline (EI),4,50,179.00447118668683,179.00447118668683,0.00045660972595214846
rosenbrock_4d,baseline,SMAC3 Baseline (EI),5,50,979.9231817846896,979.9231817846896,0.00052337646484375
rosenbrock_4d,baseline,SMAC3 Baseline (EI),6,50,242.6042385494665,242.6042385494665,0.0005257463455200195
rosenbrock_4d,baseline,SMAC3 Baseline (EI),7,50,496.1189442607749,496.1189442607749,0.0004741096496582031
rosenbrock_4d,baseline,SMAC3 Baseline (EI),8,50,293.255468523388,293.255468523388,0.0004964208602905273
rosenbrock_4d,baseline,SMAC3 Baseline (EI),9,50,407.2867182287132,407.2867182287132,0.0004657459259033203
rosenbrock_4d,baseline,SMAC3 Baseline (EI),10,50,215.1999876606899,215.1999876606899,0.0004884195327758789
rosenbrock_4d,baseline,SMAC3 Baseline (EI),11,50,102.11667162159924,102.11667162159924,0.0005158662796020507
rosenbrock_4d,baseline,SMAC3 Baseline (EI),12,50,66.35581650431374,66.35581650431374,0.0004753828048706055
rosenbrock_4d,baseline,SMAC3 Baseline (EI),13,50,946.8317463541026,946.8317463541026,0.0004552221298217773
rosenbrock_4d,baseline,SMAC3 Baseline (EI),14,50,632.5662599604859,632.5662599604859,0.00048703670501708984
rosenbrock_4d,baseline,SMAC3 Baseline (EI),15,50,1230.3682776580188,1230.3682776580188,0.0005414342880249024
rosenbrock_4d,baseline,SMAC3 Baseline (EI),16,50,996.0087519246044,996.0087519246044,0.0005028915405273438
rosenbrock_4d,baseline,SMAC3 Baseline (EI),17,50,562.894119955103,562.894119955103,0.0004714250564575195
rosenbrock_4d,baseline,SMAC3 Baseline (EI),18,50,1022.5791235807992,1022.5791235807992,0.00047742366790771485
rosenbrock_4d,baseline,SMAC3 Baseline (EI),19,50,2415.0868864026324,2415.0868864026324,0.0005837869644165039
rosenbrock_4d,baseline,SMAC3 Baseline (EI),20,50,561.9954988730735,561.9954988730735,0.0005215215682983399
rosenbrock_4d,baseline,SMAC3 Baseline (EI),21,50,594.5398634518868,594.5398634518868,0.00048621654510498045
rosenbrock_4d,baseline,SMAC3 Baseline (EI),22,50,2553.542991040722,2553.542991040722,0.0004975652694702149
rosenbrock_4d,baseline,SMAC3 Baseline (EI),23,50,379.9752814299022,379.9752814299022,0.0005178499221801758
rosenbrock_4d,baseline,SMAC3 Baseline (EI),24,50,2161.5146528567816,2161.5146528567816,0.0004990720748901368
rosenbrock_4d,baseline,SMAC3 Baseline (EI),25,50,1003.7078061254235,1003.7078061254235,0.0005015134811401367
rosenbrock_4d,baseline,SMAC3 Baseline (EI),26,50,33.06395632122093,33.06395632122093,0.0004878568649291992
rosenbrock_4d,baseline,SMAC3 Baseline (EI),27,50,20.09646515191865,20.09646515191865,0.00047063350677490235
rosenbrock_4d,baseline,SMAC3 Baseline (EI),28,50,1547.5922012018652,1547.5922012018652,0.0004974699020385742
rosenbrock_4d,baseline,SMAC3 Baseline (EI),29,50,642.1534275559407,642.1534275559407,0.0005065155029296875
rosenbrock_4d,baseline,SMAC3 Baseline (EI),30,50,1276.931562903216,1276.931562903216,0.000504441261291504
rosenbrock_4d,da_ehrf_direct_ei,DA-EHRF Direct EI,1,50,52.11997538325254,52.11997538325254,0.000543203353881836
rosenbrock_4d,da_ehrf_direct_ei,DA-EHRF Direct EI,2,50,78.23793515951843,78.23793515951843,0.0005379343032836915
rosenbrock_4d,da_ehrf_direct_ei,DA-EHRF Direct EI,3,50,3273.503786269708,3273.503786269708,0.0005222845077514648
rosenbrock_4d,da_ehrf_direct_ei,DA-EHRF Direct EI,4,50,86.50405880373569,86.50405880373569,0.000532379150390625
rosenbrock_4d,da_ehrf_direct_ei,DA-EHRF Direct EI,5,50,1304.2385942098886,1304.2385942098886,0.0006331062316894531
rosenbrock_4d,da_ehrf_direct_ei,DA-EHRF Direct EI,6,50,356.2422581900464,356.2422581900464,0.0005617761611938477
rosenbrock_4d,da_ehrf_direct_ei,DA-EHRF Direct EI,7,50,34.67370498511876,34.67370498511876,0.0005301666259765625
rosenbrock_4d,da_ehrf_direct_ei,DA-EHRF Direct EI,8,50,173.5245608527169,173.5245608527169,0.0005330324172973632
rosenbrock_4d,da_ehrf_direct_ei,DA-EHRF Direct EI,9,50,214.87895114431953,214.87895114431953,0.0005383920669555664
rosenbrock_4d,da_ehrf_direct_ei,DA-EHRF Direct EI,10,50,734.1864530834481,734.1864530834481,0.000576014518737793
rosenbrock_4d,da_ehrf_direct_ei,DA-EHRF Direct EI,11,50,26.499575785637717,26.499575785637717,0.0005558300018310547
rosenbrock_4d,da_ehrf_direct_ei,DA-EHRF Direct EI,12,50,8.412517493168327,8.412517493168327,0.0005193424224853516
rosenbrock_4d,da_ehrf_direct_ei,DA-EHRF Direct EI,13,50,147.06043030402648,147.06043030402648,0.0005459165573120117
rosenbrock_4d,da_ehrf_direct_ei,DA-EHRF Direct EI,14,50,1511.7596883649098,1511.7596883649098,0.0005308055877685547
rosenbrock_4d,da_ehrf_direct_ei,DA-EHRF Direct EI,15,50,1345.0486503344705,1345.0486503344705,0.0004737377166748047
rosenbrock_4d,da_ehrf_direct_ei,DA-EHRF Direct EI,16,50,29.107238265483844,29.107238265483844,0.0004451513290405273
rosenbrock_4d,da_ehrf_direct_ei,DA-EHRF Direct EI,17,50,16.550522813661587,16.550522813661587,0.0005081892013549805
rosenbrock_4d,da_ehrf_direct_ei,DA-EHRF Direct EI,18,50,591.1569103199561,591.1569103199561,0.0004794168472290039
rosenbrock_4d,da_ehrf_direct_ei,DA-EHRF Direct EI,19,50,2134.117709143149,2134.117709143149,0.0005850553512573242
rosenbrock_4d,da_ehrf_direct_ei,DA-EHRF Direct EI,20,50,482.7894387153089,482.7894387153089,0.0004976987838745117
rosenbrock_4d,da_ehrf_direct_ei,DA-EHRF Direct EI,21,50,170.73769755261688,170.73769755261688,0.0005604982376098633
rosenbrock_4d,da_ehrf_direct_ei,DA-EHRF Direct EI,22,50,1735.9043861711784,1735.9043861711784,0.0004900836944580078
rosenbrock_4d,da_ehrf_direct_ei,DA-EHRF Direct EI,23,50,561.4934108910043,561.4934108910043,0.000537109375
rosenbrock_4d,da_ehrf_direct_ei,DA-EHRF Direct EI,24,50,1253.0847350732197,1253.0847350732197,0.0005174493789672852
rosenbrock_4d,da_ehrf_direct_ei,DA-EHRF Direct EI,25,50,2295.2220883944137,2295.2220883944137,0.0004900312423706055
rosenbrock_4d,da_ehrf_direct_ei,DA-EHRF Direct EI,26,50,336.2206168596219,336.2206168596219,0.0004972791671752929
rosenbrock_4d,da_ehrf_direct_ei,DA-EHRF Direct EI,27,50,123.364721311754,123.364721311754,0.0005076265335083008
rosenbrock_4d,da_ehrf_direct_ei,DA-EHRF Direct EI,28,50,534.0760074900797,534.0760074900797,0.0005339193344116211
rosenbrock_4d,da_ehrf_direct_ei,DA-EHRF Direct EI,29,50,417.50814278319297,417.50814278319297,0.00048639774322509763
rosenbrock_4d,da_ehrf_direct_ei,DA-EHRF Direct EI,30,50,138.29069139687613,138.29069139687613,0.00045000553131103516
