dimension_group,comparison,estimator_test,estimator_ref,n_runs,spearman_norm_test,spearman_norm_ref,delta_rho_norm,spearman_inf_test,spearman_inf_ref,delta_rho_inf,norm_rank_monotonicity_test,norm_rank_monotonicity_ref,wilcoxon_stat,wilcoxon_pvalue,cliffs_delta,win_tie_loss
Low-D (D <= 5),prox_a vs slcb,prox_a,slcb,4800,-0.4436094234478018,0.055317021438505025,-0.4989264448863068,-0.4124806929579457,0.07449372693425159,-0.48697441989219725,0.27819528827609913,0.5276585107192525,202457.0,0.0,-0.5945559027777778,366/0/4434
Low-D (D <= 5),prox_b vs slcb,prox_b,slcb,4800,-0.3709032766188034,0.055317021438505025,-0.4262202980573084,-0.34410658499128277,0.07449372693425159,-0.41860031192553443,0.3145483616905983,0.5276585107192525,682134.0,0.0,-0.5067216145833333,704/0/4096
Low-D (D <= 5),prox_ac vs slcb,prox_ac,slcb,4800,-0.4423063349077963,0.055317021438505025,-0.4976233563463014,-0.4125043719720956,0.07449372693425159,-0.48699809890634715,0.2788468325461019,0.5276585107192525,249162.0,0.0,-0.5933103298611111,417/0/4383
Low-D (D <= 5),prox_bc vs slcb,prox_bc,slcb,4800,-0.11399606452916887,0.055317021438505025,-0.1693130859676739,-0.10920044819450557,0.07449372693425159,-0.18369417512875716,0.44300196773541567,0.5276585107192525,4096342.0,2.365342930907794e-67,-0.20082751736111112,1846/0/2954
Low-D (D <= 5),plcb vs slcb,plcb,slcb,4800,-0.4313115510455691,0.055317021438505025,-0.4866285724840742,-0.4019063514426971,0.07449372693425159,-0.47640007837694864,0.28434422447721547,0.5276585107192525,386015.0,0.0,-0.5802004340277778,502/0/4298
Low-D (D <= 5),prox_a vs rf_fire,prox_a,rf_fire,4800,-0.4436094234478018,-0.4546923269278456,0.011082903480043848,-0.4124806929579457,-0.42352862016242304,0.011047927204477339,0.27819528827609913,0.27265383653607717,5205036.0,6.935874521306099e-09,0.005305642361111111,2534/0/2266
Low-D (D <= 5),prox_b vs rf_fire,prox_b,rf_fire,4800,-0.3709032766188034,-0.4546923269278456,0.0837890503090423,-0.34410658499128277,-0.42352862016242304,0.07942203517114012,0.3145483616905983,0.27265383653607717,2914644.0,3.7082066809217286e-193,0.10380043402777778,3117/0/1683
Low-D (D <= 5),prox_ac vs rf_fire,prox_ac,rf_fire,4800,-0.4423063349077963,-0.4546923269278456,0.012385992020049317,-0.4125043719720956,-0.42352862016242304,0.011024248190327374,0.2788468325461019,0.27265383653607717,4704262.0,3.4948275238489644e-28,0.016114149305555554,2775/0/2025
Low-D (D <= 5),prox_bc vs rf_fire,prox_bc,rf_fire,4800,-0.11399606452916887,-0.4546923269278456,0.34069626239867673,-0.10920044819450557,-0.42352862016242304,0.31432817196791746,0.44300196773541567,0.27265383653607717,1705601.0,0.0,0.4049512152777778,3538/0/1262
Low-D (D <= 5),plcb vs rf_fire,plcb,rf_fire,4800,-0.4313115510455691,-0.4546923269278456,0.02338077588227651,-0.4019063514426971,-0.42352862016242304,0.021622268719725918,0.28434422447721547,0.27265383653607717,4126834.0,5.642376171367479e-65,0.04132118055555556,2882/0/1918
Low-D (D <= 5),prox_a vs shaker,prox_a,shaker,4800,-0.4436094234478018,0.09903686182226189,-0.5426462852700636,-0.4124806929579457,0.11183166948196983,-0.5243123624399156,0.27819528827609913,0.549518430911131,234922.0,0.0,-0.7322434027777778,307/0/4493
Low-D (D <= 5),prox_b vs shaker,prox_b,shaker,4800,-0.3709032766188034,0.09903686182226189,-0.4699401384410652,-0.34410658499128277,0.11183166948196983,-0.4559382544732527,0.3145483616905983,0.549518430911131,683652.0,0.0,-0.6362877604166667,622/0/4178
Low-D (D <= 5),prox_ac vs shaker,prox_ac,shaker,4800,-0.4423063349077963,0.09903686182226189,-0.5413431967300582,-0.4125043719720956,0.11183166948196983,-0.5243360414540654,0.2788468325461019,0.549518430911131,205233.0,0.0,-0.7332703993055556,275/0/4525
Low-D (D <= 5),prox_bc vs shaker,prox_bc,shaker,4800,-0.11399606452916887,0.09903686182226189,-0.21303292635143076,-0.10920044819450557,0.11183166948196983,-0.2210321176764754,0.44300196773541567,0.549518430911131,3328894.0,1.3989172697661944e-141,-0.2672818576388889,1682/0/3118
Low-D (D <= 5),plcb vs shaker,plcb,shaker,4800,-0.4313115510455691,0.09903686182226189,-0.530348412867831,-0.4019063514426971,0.11183166948196983,-0.5137380209246669,0.28434422447721547,0.549518430911131,285922.0,0.0,-0.7239,375/0/4425
Low-D (D <= 5),prox_a vs hutter_between,prox_a,hutter_between,4800,-0.4436094234478018,0.09965600706953635,-0.5432654305173382,-0.4124806929579457,0.12409713677956044,-0.5365778297375061,0.27819528827609913,0.5498280035347682,159724.0,0.0,-0.6880455729166667,320/0/4480
Low-D (D <= 5),prox_b vs hutter_between,prox_b,hutter_between,4800,-0.3709032766188034,0.09965600706953635,-0.47055928368833966,-0.34410658499128277,0.12409713677956044,-0.46820372177084324,0.3145483616905983,0.5498280035347682,500330.0,0.0,-0.5956499131944445,599/0/4201
Low-D (D <= 5),prox_ac vs hutter_between,prox_ac,hutter_between,4800,-0.4423063349077963,0.09965600706953635,-0.5419623419773326,-0.4125043719720956,0.12409713677956044,-0.536601508751656,0.2788468325461019,0.5498280035347682,167767.0,0.0,-0.6883552083333333,324/0/4476
Low-D (D <= 5),prox_bc vs hutter_between,prox_bc,hutter_between,4800,-0.11399606452916887,0.09965600706953635,-0.21365207159870522,-0.10920044819450557,0.12409713677956044,-0.23329758497406597,0.44300196773541567,0.5498280035347682,3588767.0,2.4058569306634073e-113,-0.2601384548611111,1775/0/3025
Low-D (D <= 5),plcb vs hutter_between,plcb,hutter_between,4800,-0.4313115510455691,0.09965600706953635,-0.5309675581151054,-0.4019063514426971,0.12409713677956044,-0.5260034882222574,0.28434422447721547,0.5498280035347682,228400.0,0.0,-0.6766053819444444,387/0/4413
Low-D (D <= 5),prox_ac vs prox_a,prox_ac,prox_a,4800,-0.4423063349077963,-0.4436094234478018,0.001303088540005473,-0.4125043719720956,-0.4124806929579457,-2.3679014149966353e-05,0.2788468325461019,0.27819528827609913,4616002.0,8.531352510848777e-33,0.010767100694444445,2715/0/2085
Low-D (D <= 5),prox_bc vs prox_b,prox_bc,prox_b,4800,-0.11399606452916887,-0.3709032766188034,0.25690721208963446,-0.10920044819450557,-0.34410658499128277,0.23490613679677733,0.44300196773541567,0.3145483616905983,2941648.0,1.5042837661799662e-189,0.30520008680555555,2895/0/1905
Low-D (D <= 5),prox_b vs prox_a,prox_b,prox_a,4800,-0.3709032766188034,-0.4436094234478018,0.07270614682899845,-0.34410658499128277,-0.4124806929579457,0.06837410796666278,0.3145483616905983,0.27819528827609913,2758331.0,1.021024625995159e-214,0.09965868055555556,3252/0/1548
Low-D (D <= 5),prox_bc vs prox_ac,prox_bc,prox_ac,4800,-0.11399606452916887,-0.4423063349077963,0.3283102703786274,-0.10920044819450557,-0.4125043719720956,0.3033039237775901,0.44300196773541567,0.2788468325461019,1593576.0,0.0,0.3906747395833333,3597/0/1203
Low-D (D <= 5),plcb vs prox_a,plcb,prox_a,4800,-0.4313115510455691,-0.4436094234478018,0.012297872402232663,-0.4019063514426971,-0.4124806929579457,0.010574341515248583,0.28434422447721547,0.27819528827609913,1389643.0,3.080326629297532e-297,0.036153038194444445,2157/2277/366
High-D (D >= 16),prox_a vs slcb,prox_a,slcb,3200,-0.40877322049063686,0.24842584813181218,-0.6571990686224489,-0.3692874616683495,0.24923457815737624,-0.6185220398257257,0.29561338975468154,0.624212924065906,1065.0,0.0,-0.921183203125,23/0/3177
High-D (D >= 16),prox_b vs slcb,prox_b,slcb,3200,-0.4047541996034162,0.24842584813181218,-0.6531800477352284,-0.3647598909534462,0.24923457815737624,-0.6139944691108223,0.29762290019829196,0.624212924065906,5400.0,0.0,-0.9088224609375,45/0/3155
High-D (D >= 16),prox_ac vs slcb,prox_ac,slcb,3200,-0.3961838381842182,0.24842584813181218,-0.6446096863160303,-0.36002792885458346,0.24923457815737624,-0.6092625070119597,0.3019080809078909,0.624212924065906,4641.0,0.0,-0.905438671875,47/0/3153
High-D (D >= 16),prox_bc vs slcb,prox_bc,slcb,3200,-0.25069662267618853,0.24842584813181218,-0.4991224708080007,-0.23319814216497442,0.24923457815737624,-0.4824327203223507,0.3746516886619057,0.624212924065906,662887.0,1.0784075512699758e-288,-0.6346412109375,613/0/2587
High-D (D >= 16),plcb vs slcb,plcb,slcb,3200,-0.40831540182340587,0.24842584813181218,-0.656741249955218,-0.36902582809410867,0.24923457815737624,-0.6182604062514849,0.29584229908829707,0.624212924065906,1083.0,0.0,-0.9210337890625,23/0/3177
High-D (D >= 16),prox_a vs rf_fire,prox_a,rf_fire,3200,-0.40877322049063686,-0.3886353174929198,-0.020137902997717075,-0.3692874616683495,-0.3554647141353013,-0.013822747533048282,0.29561338975468154,0.3056823412535401,1221457.0,8.13386951689996e-145,-0.0813591796875,860/0/2340
High-D (D >= 16),prox_b vs rf_fire,prox_b,rf_fire,3200,-0.4047541996034162,-0.3886353174929198,-0.01611888211049641,-0.3647598909534462,-0.3554647141353013,-0.00929517681814493,0.29762290019829196,0.3056823412535401,1511370.0,1.1526095425625276e-89,-0.0893240234375,973/0/2227
High-D (D >= 16),prox_ac vs rf_fire,prox_ac,rf_fire,3200,-0.3961838381842182,-0.3886353174929198,-0.007548520691298437,-0.36002792885458346,-0.3554647141353013,-0.0045632147192822565,0.3019080809078909,0.3056823412535401,1750371.0,3.196555862158051e-54,-0.0430158203125,1061/0/2139
High-D (D >= 16),prox_bc vs rf_fire,prox_bc,rf_fire,3200,-0.25069662267618853,-0.3886353174929198,0.13793869481673124,-0.23319814216497442,-0.3554647141353013,0.12226657197032681,0.3746516886619057,0.3056823412535401,2402564.0,0.0024667089520387206,0.1228130859375,1330/0/1870
High-D (D >= 16),plcb vs rf_fire,plcb,rf_fire,3200,-0.40831540182340587,-0.3886353174929198,-0.019680084330486097,-0.36902582809410867,-0.3554647141353013,-0.013561113958807441,0.29584229908829707,0.3056823412535401,1238591.0,3.472185331860941e-141,-0.080732421875,868/0/2332
High-D (D >= 16),prox_a vs shaker,prox_a,shaker,3200,-0.40877322049063686,0.18297781698300408,-0.5917510374736409,-0.3692874616683495,0.1808128772664585,-0.5501003389348079,0.29561338975468154,0.591488908491502,2285.0,0.0,-0.941922265625,19/0/3181
High-D (D >= 16),prox_b vs shaker,prox_b,shaker,3200,-0.4047541996034162,0.18297781698300408,-0.5877320165864203,-0.3647598909534462,0.1808128772664585,-0.5455727682199046,0.29762290019829196,0.591488908491502,6654.0,0.0,-0.928662109375,43/0/3157
High-D (D >= 16),prox_ac vs shaker,prox_ac,shaker,3200,-0.3961838381842182,0.18297781698300408,-0.5791616551672223,-0.36002792885458346,0.1808128772664585,-0.540840806121042,0.3019080809078909,0.591488908491502,2296.0,0.0,-0.928368359375,18/0/3182
High-D (D >= 16),prox_bc vs shaker,prox_bc,shaker,3200,-0.25069662267618853,0.18297781698300408,-0.43367443965919267,-0.23319814216497442,0.1808128772664585,-0.41401101943143287,0.3746516886619057,0.591488908491502,365401.0,0.0,-0.6006736328125,499/0/2701
High-D (D >= 16),plcb vs shaker,plcb,shaker,3200,-0.40831540182340587,0.18297781698300408,-0.5912932188064101,-0.36902582809410867,0.1808128772664585,-0.5498387053605671,0.29584229908829707,0.591488908491502,2286.0,0.0,-0.941801953125,19/0/3181
High-D (D >= 16),prox_a vs hutter_between,prox_a,hutter_between,3200,-0.40877322049063686,0.2548142316837099,-0.6635874521743469,-0.3692874616683495,0.2608344894714466,-0.6301219511397962,0.29561338975468154,0.627407115841855,6900.0,0.0,-0.9213052734375,58/0/3142
High-D (D >= 16),prox_b vs hutter_between,prox_b,hutter_between,3200,-0.4047541996034162,0.2548142316837099,-0.6595684312871262,-0.3647598909534462,0.2608344894714466,-0.6255943804248927,0.29762290019829196,0.627407115841855,14524.0,0.0,-0.90723125,86/0/3114
High-D (D >= 16),prox_ac vs hutter_between,prox_ac,hutter_between,3200,-0.3961838381842182,0.2548142316837099,-0.6509980698679283,-0.36002792885458346,0.2608344894714466,-0.6208624183260301,0.3019080809078909,0.627407115841855,9179.0,0.0,-0.902720703125,70/0/3130
High-D (D >= 16),prox_bc vs hutter_between,prox_bc,hutter_between,3200,-0.25069662267618853,0.2548142316837099,-0.5055108543598985,-0.23319814216497442,0.2608344894714466,-0.4940326316364211,0.3746516886619057,0.627407115841855,514527.0,0.0,-0.6375720703125,563/0/2637
High-D (D >= 16),plcb vs hutter_between,plcb,hutter_between,3200,-0.40831540182340587,0.2548142316837099,-0.6631296335071158,-0.36902582809410867,0.2608344894714466,-0.6298603175655552,0.29584229908829707,0.627407115841855,6976.0,0.0,-0.9211224609375,58/0/3142
High-D (D >= 16),prox_ac vs prox_a,prox_ac,prox_a,3200,-0.3961838381842182,-0.40877322049063686,0.012589382306418642,-0.36002792885458346,-0.3692874616683495,0.009259532813766028,0.3019080809078909,0.29561338975468154,2480218.0,0.123843898736621,0.0355353515625,1283/48/1869
High-D (D >= 16),prox_bc vs prox_b,prox_bc,prox_b,3200,-0.25069662267618853,-0.4047541996034162,0.15405757692722763,-0.23319814216497442,-0.3647598909534462,0.13156174878847174,0.3746516886619057,0.29762290019829196,2186957.0,8.706039585224978e-13,0.1927052734375,1283/28/1889
High-D (D >= 16),prox_b vs prox_a,prox_b,prox_a,3200,-0.4047541996034162,-0.40877322049063686,0.0040190208872206675,-0.3647598909534462,-0.3692874616683495,0.004527570714903352,0.29762290019829196,0.29561338975468154,2133097.0,2.7713932335359185e-16,-0.0186111328125,1289/0/1911
High-D (D >= 16),prox_bc vs prox_ac,prox_bc,prox_ac,3200,-0.25069662267618853,-0.3961838381842182,0.14548721550802968,-0.23319814216497442,-0.36002792885458346,0.12682978668960906,0.3746516886619057,0.3019080809078909,1941499.0,2.189139166078572e-32,0.1523529296875,1585/0/1615
High-D (D >= 16),plcb vs prox_a,plcb,prox_a,3200,-0.40831540182340587,-0.40877322049063686,0.0004578186672309778,-0.36902582809410867,-0.3692874616683495,0.000261633574240845,0.29584229908829707,0.29561338975468154,671563.0,8.728468072717621e-196,0.00102744140625,1117/1979/104
All Dimensions,prox_a vs slcb,prox_a,slcb,9600,-0.43910452684693646,0.13081405189624898,-0.5699185787431854,-0.4021730062381347,0.14338852432495638,-0.5455615305630911,0.2804477365765318,0.5654070259481244,362045.0,0.0,-0.7082109157986111,450/0/9150
All Dimensions,prox_b vs slcb,prox_b,slcb,9600,-0.3985214467619951,0.13081405189624898,-0.529335498658244,-0.36381812921693835,0.14338852432495638,-0.5072066535418948,0.30073927661900246,0.5654070259481244,1205308.0,0.0,-0.6569560763888889,843/0/8757
All Dimensions,prox_ac vs slcb,prox_ac,slcb,9600,-0.4332293452565987,0.13081405189624898,-0.5640433971528478,-0.39850921592344185,0.14338852432495638,-0.5418977402483983,0.28338532737170063,0.5654070259481244,498027.0,0.0,-0.7024193576388889,549/0/9051
All Dimensions,prox_bc vs slcb,prox_bc,slcb,9600,-0.18743463324999193,0.13081405189624898,-0.31824868514624094,-0.1757031342291329,0.14338852432495638,-0.3190916585540893,0.40628268337500395,0.5654070259481244,11369658.0,0.0,-0.38480340711805555,2842/0/6758
All Dimensions,plcb vs slcb,plcb,slcb,9600,-0.4326993078376888,0.13081405189624898,-0.5635133597339379,-0.3967230812456712,0.14338852432495638,-0.5401116055706275,0.2836503460811555,0.5654070259481244,720621.0,0.0,-0.702876953125,589/0/9011
All Dimensions,prox_a vs rf_fire,prox_a,rf_fire,9600,-0.43910452684693646,-0.43962099819274725,0.0005164713458107961,-0.4021730062381347,-0.4049153711747818,0.0027423649366471446,0.2804477365765318,0.2801895009036264,20226563.0,3.413450341296562e-25,-0.0090095703125,4163/0/5437
All Dimensions,prox_b vs rf_fire,prox_b,rf_fire,9600,-0.3985214467619951,-0.43962099819274725,0.04109955143075219,-0.36381812921693835,-0.4049153711747818,0.04109724195784341,0.30073927661900246,0.2801895009036264,19809746.0,1.1221044663432911e-32,0.03855091145833334,4766/0/4834
All Dimensions,prox_ac vs rf_fire,prox_ac,rf_fire,9600,-0.4332293452565987,-0.43962099819274725,0.0063916529361485504,-0.39850921592344185,-0.4049153711747818,0.006406155251339915,0.28338532737170063,0.2801895009036264,22754542.0,0.2891198554397184,0.007014409722222222,4720/0/4880
All Dimensions,prox_bc vs rf_fire,prox_bc,rf_fire,9600,-0.18743463324999193,-0.43962099819274725,0.2521863649427553,-0.1757031342291329,-0.4049153711747818,0.22921223694564888,0.40628268337500395,0.2801895009036264,12052399.0,0.0,0.2953817274305556,5761/0/3839
All Dimensions,plcb vs rf_fire,plcb,rf_fire,9600,-0.4326993078376888,-0.43962099819274725,0.006921690355058366,-0.3967230812456712,-0.4049153711747818,0.008192289929110612,0.2836503460811555,0.2801895009036264,22863890.0,0.5109405893487222,0.005456098090277778,4541/0/5059
All Dimensions,prox_a vs shaker,prox_a,shaker,9600,-0.43910452684693646,0.13405302359475646,-0.5731575504416929,-0.4021730062381347,0.14065307855803816,-0.5428260847961728,0.2804477365765318,0.5670265117973783,500066.0,0.0,-0.8081399088541666,349/0/9251
All Dimensions,prox_b vs shaker,prox_b,shaker,9600,-0.3985214467619951,0.13405302359475646,-0.5325744703567515,-0.36381812921693835,0.14065307855803816,-0.5044712077749766,0.30073927661900246,0.5670265117973783,1379984.0,0.0,-0.7490084852430555,722/0/8878
All Dimensions,prox_ac vs shaker,prox_ac,shaker,9600,-0.4332293452565987,0.13405302359475646,-0.5672823688513552,-0.39850921592344185,0.14065307855803816,-0.5391622944814801,0.28338532737170063,0.5670265117973783,443061.0,0.0,-0.8029443359375,317/0/9283
All Dimensions,prox_bc vs shaker,prox_bc,shaker,9600,-0.18743463324999193,0.13405302359475646,-0.32148765684474845,-0.1757031342291329,0.14065307855803816,-0.316356212787171,0.40628268337500395,0.5670265117973783,8456941.0,0.0,-0.41666640625,2470/0/7130
All Dimensions,plcb vs shaker,plcb,shaker,9600,-0.4326993078376888,0.13405302359475646,-0.5667523314324453,-0.3967230812456712,0.14065307855803816,-0.5373761598037092,0.2836503460811555,0.5670265117973783,592454.0,0.0,-0.8043421223958334,417/0/9183
All Dimensions,prox_a vs hutter_between,prox_a,hutter_between,9600,-0.43910452684693646,0.15948616288617395,-0.5985906897331104,-0.4021730062381347,0.17778621851834298,-0.5799592247564775,0.2804477365765318,0.579743081443087,443218.0,0.0,-0.7652306206597222,490/0/9110
All Dimensions,prox_b vs hutter_between,prox_b,hutter_between,9600,-0.3985214467619951,0.15948616288617395,-0.558007609648169,-0.36381812921693835,0.17778621851834298,-0.5416043477352813,0.30073927661900246,0.579743081443087,1113717.0,0.0,-0.7105743272569445,810/0/8790
All Dimensions,prox_ac vs hutter_between,prox_ac,hutter_between,9600,-0.4332293452565987,0.15948616288617395,-0.5927155081427725,-0.39850921592344185,0.17778621851834298,-0.5762954344417849,0.28338532737170063,0.579743081443087,486491.0,0.0,-0.7592715060763889,518/0/9082
All Dimensions,prox_bc vs hutter_between,prox_bc,hutter_between,9600,-0.18743463324999193,0.15948616288617395,-0.3469207961361659,-0.1757031342291329,0.17778621851834298,-0.35348935274747584,0.40628268337500395,0.579743081443087,9766987.0,0.0,-0.42400143229166665,2714/0/6886
All Dimensions,plcb vs hutter_between,plcb,hutter_between,9600,-0.4326993078376888,0.15948616288617395,-0.5921854707238627,-0.3967230812456712,0.17778621851834298,-0.5745092997640141,0.2836503460811555,0.579743081443087,592818.0,0.0,-0.7606574001736112,563/0/9037
All Dimensions,prox_ac vs prox_a,prox_ac,prox_a,9600,-0.4332293452565987,-0.43910452684693646,0.005875181590337754,-0.39850921592344185,-0.4021730062381347,0.003663790314692775,0.28338532737170063,0.2804477365765318,19578228.0,2.869131801368417e-37,0.01608459201388889,4768/48/4784
All Dimensions,prox_bc vs prox_b,prox_bc,prox_b,9600,-0.18743463324999193,-0.3985214467619951,0.2110868135120031,-0.1757031342291329,-0.36381812921693835,0.18811499498780546,0.40628268337500395,0.30073927661900246,14560874.0,3.778146898327125e-214,0.2558631510416667,5004/28/4568
All Dimensions,prox_b vs prox_a,prox_b,prox_a,9600,-0.3985214467619951,-0.43910452684693646,0.040583080084941395,-0.36381812921693835,-0.4021730062381347,0.03835487702119627,0.30073927661900246,0.2804477365765318,17489902.0,6.33536664075298e-93,0.04718502604166667,5249/0/4351
All Dimensions,prox_bc vs prox_ac,prox_bc,prox_ac,9600,-0.18743463324999193,-0.4332293452565987,0.2457947120066067,-0.1757031342291329,-0.39850921592344185,0.22280608169430896,0.40628268337500395,0.28338532737170063,10494861.0,0.0,0.2894905381944444,6084/0/3516
All Dimensions,plcb vs prox_a,plcb,prox_a,9600,-0.4326993078376888,-0.43910452684693646,0.006405219009247567,-0.3967230812456712,-0.4021730062381347,0.005449924992463467,0.2836503460811555,0.2804477365765318,6007243.0,0.0,0.015072026909722222,3927/5136/537
