surrogate,estimator,name,category,n_runs,spearman_norm,norm_rank_monotonicity
breiman,prox_a,Proximity A (TNS Top-k),Proximity (Unweighted),1920,-0.3089996676301714,0.3455001661849143
breiman,prox_b,Proximity B (TWQ Continuous),Proximity (Unweighted),1920,-0.245352952922752,0.3773235235386239
breiman,prox_ac,Proximity AC (TNS + Density),Proximity (Unweighted),1920,-0.34772703981721353,0.32613648009139323
breiman,prox_bc,Proximity BC (TWQ + Density),Proximity (Unweighted),1920,-0.3537349961051243,0.3231325019474378
breiman,plcb,PLCB (Adaptive Floor),Proximity (Unweighted),1920,-0.3087500515026817,0.3456249742486591
breiman,slcb,SLCB / Hutter Total,Baseline (Variance),1920,0.22848091243720653,0.6142404562186032
breiman,hutter_between,Hutter Between (Epistemic),Baseline (Tree Disagreement),1920,0.18619285946971662,0.5930964297348583
breiman,hutter_within,Hutter Within (Aleatoric),Baseline (Leaf Variance),1920,0.34952904188354866,0.6747645209417743
breiman,shaker,Shaker Epistemic,Baseline (Numerical Integration),1920,0.10222442372455574,0.551112211862278
breiman,shaker_total,Shaker Total,Baseline (Numerical Integration),1920,0.16676796417904133,0.5833839820895207
breiman,shaker_mi,Shaker Mutual Information,Baseline (Information Theoretic),1920,-0.06025567313522619,0.46987216343238697
breiman,shaker_total_entropy,Shaker Total Entropy,Baseline (Information Theoretic),1920,0.1667675541941835,0.5833837770970918
breiman,rf_fire,RF-FIRE Lower,Baseline (Volume Expansion),1920,-0.3226215468222558,0.33868922658887207
coarse,prox_a,Proximity A (TNS Top-k),Proximity (Unweighted),1920,-0.48637985079329127,0.25681007460335437
coarse,prox_b,Proximity B (TWQ Continuous),Proximity (Unweighted),1920,-0.4412463270075417,0.27937683649622913
coarse,prox_ac,Proximity AC (TNS + Density),Proximity (Unweighted),1920,-0.47847590766054326,0.26076204616972837
coarse,prox_bc,Proximity BC (TWQ + Density),Proximity (Unweighted),1920,-0.2113628343555269,0.39431858282223653
coarse,plcb,PLCB (Adaptive Floor),Proximity (Unweighted),1920,-0.47725008002443176,0.2613749599877842
coarse,slcb,SLCB / Hutter Total,Baseline (Variance),1920,0.06883872848096054,0.5344193642404804
coarse,hutter_between,Hutter Between (Epistemic),Baseline (Tree Disagreement),1920,0.07807180029477649,0.5390359001473882
coarse,hutter_within,Hutter Within (Aleatoric),Baseline (Leaf Variance),1920,0.10228210120043539,0.5511410506002176
coarse,shaker,Shaker Epistemic,Baseline (Numerical Integration),1920,0.0916456823036591,0.5458228411518296
coarse,shaker_total,Shaker Total,Baseline (Numerical Integration),1920,0.09816932147739384,0.5490846607386969
coarse,shaker_mi,Shaker Mutual Information,Baseline (Information Theoretic),1920,0.05811628033200796,0.529058140166004
coarse,shaker_total_entropy,Shaker Total Entropy,Baseline (Information Theoretic),1920,0.09816932147739384,0.5490846607386969
coarse,rf_fire,RF-FIRE Lower,Baseline (Volume Expansion),1920,-0.48640410657837346,0.25679794671081324
mature,prox_a,Proximity A (TNS Top-k),Proximity (Unweighted),1920,-0.5157101467895941,0.24214492660520298
mature,prox_b,Proximity B (TWQ Continuous),Proximity (Unweighted),1920,-0.4769026432570012,0.2615486783714994
mature,prox_ac,Proximity AC (TNS + Density),Proximity (Unweighted),1920,-0.5168319873572943,0.2415840063213528
mature,prox_bc,Proximity BC (TWQ + Density),Proximity (Unweighted),1920,-0.437878101702554,0.28106094914872304
mature,plcb,PLCB (Adaptive Floor),Proximity (Unweighted),1920,-0.5023076302138908,0.24884618489305457
mature,slcb,SLCB / Hutter Total,Baseline (Variance),1920,0.15204892616021504,0.5760244630801076
mature,hutter_between,Hutter Between (Epistemic),Baseline (Tree Disagreement),1920,0.13031592027311603,0.5651579601365581
mature,hutter_within,Hutter Within (Aleatoric),Baseline (Leaf Variance),1920,0.21867472145530348,0.6093373607276518
mature,shaker,Shaker Epistemic,Baseline (Numerical Integration),1920,0.0860589849358291,0.5430294924679144
mature,shaker_total,Shaker Total,Baseline (Numerical Integration),1920,0.11483147256141693,0.5574157362807084
mature,shaker_mi,Shaker Mutual Information,Baseline (Information Theoretic),1920,0.024480393240980686,0.5122401966204904
mature,shaker_total_entropy,Shaker Total Entropy,Baseline (Information Theoretic),1920,0.11483002259586529,0.5574150112979325
mature,rf_fire,RF-FIRE Lower,Baseline (Volume Expansion),1920,-0.5008231251882871,0.24958843740585646
shallow,prox_a,Proximity A (TNS Top-k),Proximity (Unweighted),1920,-0.5019330343067877,0.24903348284660615
shallow,prox_b,Proximity B (TWQ Continuous),Proximity (Unweighted),1920,-0.4728107585232306,0.26359462073838463
shallow,prox_ac,Proximity AC (TNS + Density),Proximity (Unweighted),1920,-0.43174044694227204,0.284129776528864
shallow,prox_bc,Proximity BC (TWQ + Density),Proximity (Unweighted),1920,0.40482939935530665,0.7024146996776532
shallow,plcb,PLCB (Adaptive Floor),Proximity (Unweighted),1920,-0.49278650881794134,0.2536067455910293
shallow,slcb,SLCB / Hutter Total,Baseline (Variance),1920,0.07820204677601644,0.5391010233880082
shallow,hutter_between,Hutter Between (Epistemic),Baseline (Tree Disagreement),1920,0.2919274225738436,0.6459637112869216
shallow,hutter_within,Hutter Within (Aleatoric),Baseline (Leaf Variance),1920,-0.21080645811185264,0.3945967709440737
shallow,shaker,Shaker Epistemic,Baseline (Numerical Integration),1920,0.3285618766703456,0.6642809383351728
shallow,shaker_total,Shaker Total,Baseline (Numerical Integration),1920,0.10968677075432455,0.5548433853771623
shallow,shaker_mi,Shaker Mutual Information,Baseline (Information Theoretic),1920,0.3783846379549098,0.6891923189774549
shallow,shaker_total_entropy,Shaker Total Entropy,Baseline (Information Theoretic),1920,0.10968677057117233,0.5548433852855862
shallow,rf_fire,RF-FIRE Lower,Baseline (Volume Expansion),1920,-0.496398351504754,0.251800824247623
smac_default,prox_a,Proximity A (TNS Top-k),Proximity (Unweighted),1920,-0.38249993471483784,0.3087500326425811
smac_default,prox_b,Proximity B (TWQ Continuous),Proximity (Unweighted),1920,-0.35629455209944966,0.3218527239502752
smac_default,prox_ac,Proximity AC (TNS + Density),Proximity (Unweighted),1920,-0.39137134450567024,0.3043143277471649
smac_default,prox_bc,Proximity BC (TWQ + Density),Proximity (Unweighted),1920,-0.3390266334420612,0.3304866832789694
smac_default,plcb,PLCB (Adaptive Floor),Proximity (Unweighted),1920,-0.3824022686294987,0.30879886568525067
smac_default,slcb,SLCB / Hutter Total,Baseline (Variance),1920,0.12649964562684646,0.5632498228134232
smac_default,hutter_between,Hutter Between (Epistemic),Baseline (Tree Disagreement),1920,0.110922811819417,0.5554614059097085
smac_default,hutter_within,Hutter Within (Aleatoric),Baseline (Leaf Variance),1920,0.14018848051937885,0.5700942402596894
smac_default,shaker,Shaker Epistemic,Baseline (Numerical Integration),1920,0.06177415033939285,0.5308870751696965
smac_default,shaker_total,Shaker Total,Baseline (Numerical Integration),1920,0.09360392524715164,0.5468019626235758
smac_default,shaker_mi,Shaker Mutual Information,Baseline (Information Theoretic),1920,0.014694764650167098,0.5073473823250835
smac_default,shaker_total_entropy,Shaker Total Entropy,Baseline (Information Theoretic),1920,0.09359868454362003,0.5467993422718099
smac_default,rf_fire,RF-FIRE Lower,Baseline (Volume Expansion),1920,-0.39185786087006597,0.304071069564967
