rank,dimension_group,estimator,name,category,n_runs,spearman_norm,spearman_inf,norm_rank_monotonicity
1,All Dimensions,hutter_between,Hutter Between (Epistemic),Baseline (Tree Disagreement),9600,0.15948616288617395,0.17778621851834298,0.579743081443087
2,All Dimensions,shaker,Shaker Epistemic,Baseline (Numerical Integration),9600,0.13405302359475646,0.14065307855803816,0.5670265117973783
3,All Dimensions,slcb,SLCB / Hutter Total,Baseline (Variance),9600,0.13081405189624898,0.14338852432495638,0.5654070259481244
4,All Dimensions,hutter_within,Hutter Within (Aleatoric),Baseline (Leaf Variance),9600,0.11997357738936278,0.11356660989463786,0.5599867886946814
5,All Dimensions,shaker_total,Shaker Total,Baseline (Numerical Integration),9600,0.11661189084386564,0.12100964874921204,0.5583059454219328
6,All Dimensions,shaker_total_entropy,Shaker Total Entropy,Baseline (Information Theoretic),9600,0.11661047067644698,0.12100797083101779,0.5583052353382235
7,All Dimensions,shaker_mi,Shaker Mutual Information,Baseline (Information Theoretic),9600,0.08308408060856787,0.09310824286956286,0.5415420403042839
8,All Dimensions,prox_bc,Proximity BC (TWQ + Density),Proximity (Unweighted),9600,-0.18743463324999193,-0.1757031342291329,0.40628268337500395
9,All Dimensions,prox_b,Proximity B (TWQ Continuous),Proximity (Unweighted),9600,-0.3985214467619951,-0.36381812921693835,0.30073927661900246
10,All Dimensions,plcb,PLCB (Adaptive Floor),Proximity (Unweighted),9600,-0.4326993078376888,-0.3967230812456712,0.2836503460811555
11,All Dimensions,prox_ac,Proximity AC (TNS + Density),Proximity (Unweighted),9600,-0.4332293452565987,-0.39850921592344185,0.28338532737170063
12,All Dimensions,prox_a,Proximity A (TNS Top-k),Proximity (Unweighted),9600,-0.43910452684693646,-0.4021730062381347,0.2804477365765318
13,All Dimensions,rf_fire,RF-FIRE Lower,Baseline (Volume Expansion),9600,-0.43962099819274725,-0.4049153711747818,0.2801895009036264
1,Low-D (D <= 5),hutter_between,Hutter Between (Epistemic),Baseline (Tree Disagreement),4800,0.09965600706953635,0.12409713677956044,0.5498280035347682
2,Low-D (D <= 5),shaker,Shaker Epistemic,Baseline (Numerical Integration),4800,0.09903686182226189,0.11183166948196983,0.549518430911131
3,Low-D (D <= 5),shaker_total,Shaker Total,Baseline (Numerical Integration),4800,0.0770182980110526,0.08703593078248308,0.5385091490055263
4,Low-D (D <= 5),shaker_total_entropy,Shaker Total Entropy,Baseline (Information Theoretic),4800,0.07701785106505814,0.08703505332857188,0.538508925532529
5,Low-D (D <= 5),shaker_mi,Shaker Mutual Information,Baseline (Information Theoretic),4800,0.07575494338976671,0.09010905640933713,0.5378774716948834
6,Low-D (D <= 5),hutter_within,Hutter Within (Aleatoric),Baseline (Leaf Variance),4800,0.06506113833502418,0.06583611200117807,0.5325305691675122
7,Low-D (D <= 5),slcb,SLCB / Hutter Total,Baseline (Variance),4800,0.055317021438505025,0.07449372693425159,0.5276585107192525
8,Low-D (D <= 5),prox_bc,Proximity BC (TWQ + Density),Proximity (Unweighted),4800,-0.11399606452916887,-0.10920044819450557,0.44300196773541567
9,Low-D (D <= 5),prox_b,Proximity B (TWQ Continuous),Proximity (Unweighted),4800,-0.3709032766188034,-0.34410658499128277,0.3145483616905983
10,Low-D (D <= 5),plcb,PLCB (Adaptive Floor),Proximity (Unweighted),4800,-0.4313115510455691,-0.4019063514426971,0.28434422447721547
11,Low-D (D <= 5),prox_ac,Proximity AC (TNS + Density),Proximity (Unweighted),4800,-0.4423063349077963,-0.4125043719720956,0.2788468325461019
12,Low-D (D <= 5),prox_a,Proximity A (TNS Top-k),Proximity (Unweighted),4800,-0.4436094234478018,-0.4124806929579457,0.27819528827609913
13,Low-D (D <= 5),rf_fire,RF-FIRE Lower,Baseline (Volume Expansion),4800,-0.4546923269278456,-0.42352862016242304,0.27265383653607717
1,High-D (D >= 16),hutter_between,Hutter Between (Epistemic),Baseline (Tree Disagreement),3200,0.2548142316837099,0.2608344894714466,0.627407115841855
2,High-D (D >= 16),slcb,SLCB / Hutter Total,Baseline (Variance),3200,0.24842584813181218,0.24923457815737624,0.624212924065906
3,High-D (D >= 16),hutter_within,Hutter Within (Aleatoric),Baseline (Leaf Variance),3200,0.19584709162398956,0.17991672414818588,0.5979235458119948
4,High-D (D >= 16),shaker,Shaker Epistemic,Baseline (Numerical Integration),3200,0.18297781698300408,0.1808128772664585,0.591488908491502
5,High-D (D >= 16),shaker_total,Shaker Total,Baseline (Numerical Integration),3200,0.17497990984884773,0.17158594315677683,0.5874899549244238
6,High-D (D >= 16),shaker_total_entropy,Shaker Total Entropy,Baseline (Information Theoretic),3200,0.17497714638554437,0.17158315836917762,0.5874885731927721
7,High-D (D >= 16),shaker_mi,Shaker Mutual Information,Baseline (Information Theoretic),3200,0.09944944372829916,0.1026090108297365,0.5497247218641497
8,High-D (D >= 16),prox_bc,Proximity BC (TWQ + Density),Proximity (Unweighted),3200,-0.25069662267618853,-0.23319814216497442,0.3746516886619057
9,High-D (D >= 16),rf_fire,RF-FIRE Lower,Baseline (Volume Expansion),3200,-0.3886353174929198,-0.3554647141353013,0.3056823412535401
10,High-D (D >= 16),prox_ac,Proximity AC (TNS + Density),Proximity (Unweighted),3200,-0.3961838381842182,-0.36002792885458346,0.3019080809078909
11,High-D (D >= 16),prox_b,Proximity B (TWQ Continuous),Proximity (Unweighted),3200,-0.4047541996034162,-0.3647598909534462,0.29762290019829196
12,High-D (D >= 16),plcb,PLCB (Adaptive Floor),Proximity (Unweighted),3200,-0.40831540182340587,-0.36902582809410867,0.29584229908829707
13,High-D (D >= 16),prox_a,Proximity A (TNS Top-k),Proximity (Unweighted),3200,-0.40877322049063686,-0.3692874616683495,0.29561338975468154
