task,dimension,n_seeds,norm_regret_proposed,norm_regret_baseline,wins,losses,ties,cliffs_delta,raw_p_value,adj_p_value
bbob/16/1/0,16,30,0.3407403620206622,0.627192732604284,29,1,0,-0.8,5.587935447692871e-09,7.711350917816162e-07
bbob/16/1/1,16,30,0.289204476056005,0.4983499511939954,28,2,0,-0.6622222222222223,1.30385160446167e-08,1.7471611499786377e-06
bbob/16/1/2,16,30,0.19728667591328092,0.6171276066051381,29,1,0,-0.9288888888888889,5.587935447692871e-09,7.711350917816162e-07
bbob/16/10/0,16,30,0.2758794907098409,0.48295163411044445,23,7,0,-0.47111111111111115,0.00012333691120147705,0.008016899228096008
bbob/16/10/1,16,30,0.1599848579130395,0.4277823367513996,26,4,0,-0.6911111111111111,5.144625902175903e-06,0.0005401857197284698
bbob/16/10/2,16,30,0.27947174976369565,0.38624347839956624,18,11,1,-0.2255555555555555,0.045484489171984846,0.9096897834396969
bbob/16/11/0,16,30,0.01897886237340288,0.10649750107055769,25,3,2,-0.4422222222222222,0.00015679291057707078,0.01003474627693253
bbob/16/11/1,16,30,0.20499225657609504,0.24489675023918567,15,13,2,-0.12444444444444447,0.632507939829223,1.0
bbob/16/11/2,16,30,0.13836788144701986,0.17740776152265916,13,16,1,-0.05888888888888888,0.854172545006435,1.0
bbob/16/12/0,16,30,0.4007181397759288,0.505623310508702,19,11,0,-0.3155555555555556,0.026228994131088257,0.5508088767528534
bbob/16/12/1,16,30,0.31601509279343193,0.5482867102113074,25,5,0,-0.6911111111111111,9.220093488693237e-06,0.0009035691618919373
bbob/16/12/2,16,30,0.28992996648957864,0.4773735348336835,25,5,0,-0.5355555555555556,0.00018860027194023132,0.01150461658835411
bbob/16/13/0,16,30,0.4328865744319362,0.6832173481726899,25,4,1,-0.6033333333333333,9.781652253211938e-06,0.000939038616308346
bbob/16/13/1,16,30,0.4208236845550244,0.6840080964139741,28,2,0,-0.6333333333333333,2.348795533180237e-06,0.00025836750864982605
bbob/16/13/2,16,30,0.39075788157363917,0.7028743239698717,27,3,0,-0.7644444444444445,1.4193356037139893e-06,0.0001575462520122528
bbob/16/14/0,16,30,0.3834848195309268,0.5589442990021348,22,8,0,-0.47111111111111115,0.0015832837671041489,0.07599762082099915
bbob/16/14/1,16,30,0.28711189525724584,0.4874425855642447,25,5,0,-0.508888888888889,0.0003449581563472748,0.019317656755447388
bbob/16/14/2,16,30,0.2993588073868582,0.6113022229752366,29,1,0,-0.72,4.6566128730773926e-08,6.146728992462158e-06
bbob/16/15/0,16,30,0.27708574708926764,0.5636671452853677,25,5,0,-0.74,6.917864084243774e-06,0.0006917864084243774
bbob/16/15/1,16,30,0.32672683658444357,0.5441176405212715,27,3,0,-0.6688888888888889,4.421919584274292e-06,0.00046872347593307495
bbob/16/15/2,16,30,0.2644197244468096,0.5325309934688275,28,2,0,-0.7088888888888889,3.5390257835388184e-08,4.706904292106628e-06
bbob/16/16/0,16,30,0.4371032733055754,0.5071773235390887,13,10,7,-0.16333333333333333,0.21239270063434001,1.0
bbob/16/16/1,16,30,0.5222675238356065,0.5502003546624267,18,8,4,-0.06888888888888889,0.39486255065456655,1.0
bbob/16/16/2,16,30,0.5469499389041387,0.6321292351013459,15,11,4,-0.18888888888888888,0.1373368801747642,1.0
bbob/16/17/0,16,30,0.4564614170493934,0.5998560630068698,20,9,1,-0.4255555555555556,0.00976695703879183,0.3125426252413386
bbob/16/17/1,16,30,0.4187503947520607,0.5164163724598335,18,12,0,-0.24,0.0803273618221283,1.0
bbob/16/17/2,16,30,0.35796046881608284,0.516722936306707,21,6,3,-0.39888888888888885,0.0028909652879307935,0.11895178072154522
bbob/16/18/0,16,30,0.37685706251700457,0.5656923463254778,23,6,1,-0.45666666666666667,0.0004791544897145572,0.025874342444586088
bbob/16/18/1,16,30,0.33557260535655004,0.4738412475810819,22,7,1,-0.4211111111111111,0.00178075699491497,0.07835330777625868
bbob/16/18/2,16,30,0.3779601653163412,0.580188279976967,25,3,2,-0.5777777777777777,0.00011890609974290849,0.007966708682774869
bbob/16/19/0,16,30,0.3176712029980134,0.514576739252322,23,6,1,-0.43000000000000005,0.0013225305101141763,0.06480399499559464
bbob/16/19/1,16,30,0.36531292088375716,0.5906167460689232,27,3,0,-0.5933333333333333,5.144625902175903e-06,0.0005401857197284698
bbob/16/19/2,16,30,0.3221721128473855,0.5571293157519333,26,2,2,-0.6555555555555556,6.521320564544369e-06,0.0006651746975835256
bbob/16/2/0,16,30,0.12028870218508088,0.2968927737303793,25,5,0,-0.6088888888888888,4.4075772166252136e-05,0.003614213317632675
bbob/16/2/1,16,30,0.17280346938301325,0.3599761615748574,25,5,0,-0.6244444444444445,1.218356192111969e-05,0.0011330712586641312
bbob/16/2/2,16,30,0.2554997948588576,0.507267289489617,22,8,0,-0.56,0.00016989745199680328,0.010533642023801804
bbob/16/20/0,16,30,0.3388640208464269,0.520545879878979,25,5,0,-0.508888888888889,0.0002562887966632843,0.014608461409807205
bbob/16/20/1,16,30,0.31769329049582556,0.5666009613193475,26,4,0,-0.6688888888888889,3.855675458908081e-07,4.7810375690460205e-05
bbob/16/20/2,16,30,0.27132667179697434,0.4957143554212881,24,6,0,-0.5733333333333333,3.453157842159271e-05,0.002900652587413788
bbob/16/21/0,16,30,0.6513901527220122,0.8209478390037657,25,5,0,-0.5755555555555556,9.90256667137146e-05,0.007030822336673737
bbob/16/21/1,16,30,0.6459270394332413,0.7193892998722636,23,7,0,-0.30222222222222217,0.008142979815602303,0.2768613137304783
bbob/16/21/2,16,30,0.6480805812738019,0.812865182887702,23,7,0,-0.40222222222222226,0.0015832837671041489,0.07599762082099915
bbob/16/22/0,16,30,0.7665960216546112,0.7901286986714907,19,11,0,-0.19333333333333336,0.28008678182959557,1.0
bbob/16/22/1,16,30,0.6085793810441439,0.770982043456416,25,5,0,-0.5711111111111111,5.5925920605659485e-05,0.004418147727847099
bbob/16/22/2,16,30,0.6360694015432239,0.772470546525306,24,6,0,-0.3911111111111111,2.0798295736312866e-05,0.001851048320531845
bbob/16/23/0,16,30,0.6441948694293061,0.5618508502777977,5,16,9,0.20333333333333337,0.0228085645428799,0.5017884199433578
bbob/16/23/1,16,30,0.4695697285070641,0.6008641594626638,20,7,3,-0.3522222222222222,0.01628343898983998,0.42336941373583953
bbob/16/23/2,16,30,0.443778934935672,0.4775497140963029,13,11,6,-0.09999999999999998,0.5110890641174397,1.0
bbob/16/24/0,16,30,0.4958500604862049,0.6614282636161904,25,5,0,-0.5066666666666666,7.910653948783875e-05,0.005932990461587906
bbob/16/24/1,16,30,0.42992046348931345,0.6334280334915992,26,4,0,-0.6,5.144625902175903e-06,0.0005401857197284698
bbob/16/24/2,16,30,0.3465497061725805,0.562405702838566,25,5,0,-0.5155555555555555,8.856505155563354e-05,0.006553813815116882
bbob/16/3/0,16,30,0.2500400170523338,0.4868798857279716,29,1,0,-0.7977777777777778,2.551823854446411e-07,3.240816295146942e-05
bbob/16/3/1,16,30,0.33751305052667147,0.5319536437755966,21,9,0,-0.5111111111111111,0.0006084088236093521,0.03224566765129566
bbob/16/3/2,16,30,0.3631248548362632,0.5630199259753186,25,5,0,-0.4488888888888889,4.968419671058655e-05,0.003974735736846924
bbob/16/4/0,16,30,0.23138853203764956,0.46906560722329377,24,6,0,-0.6288888888888888,1.0609626770019531e-05,0.0010079145431518555
bbob/16/4/1,16,30,0.2503349953808845,0.4353828066649161,22,8,0,-0.5066666666666666,0.0027663204818964005,0.11895178072154522
bbob/16/4/2,16,30,0.4376447318524986,0.5097035871312254,17,13,0,-0.23777777777777775,0.3284698575735092,1.0
bbob/16/5/0,16,30,0.23928960732669852,0.6336089728470156,30,0,0,-0.9355555555555556,1.862645149230957e-09,2.682209014892578e-07
bbob/16/5/1,16,30,0.23493967454279183,0.6139166974324832,30,0,0,-0.9355555555555556,1.862645149230957e-09,2.682209014892578e-07
bbob/16/5/2,16,30,0.1661491154661114,0.5778982772996762,28,2,0,-0.9422222222222222,9.313225746154785e-09,1.2665987014770508e-06
bbob/16/6/0,16,30,0.13530114945004096,0.5809612707438979,27,3,0,-0.8733333333333333,6.146728992462158e-08,8.052214980125427e-06
bbob/16/6/1,16,30,0.08300230461400454,0.3300127843980893,26,4,0,-0.6311111111111112,0.0004183966666460037,0.023011816665530205
bbob/16/6/2,16,30,0.17560554153960545,0.47284466478057596,26,4,0,-0.7911111111111111,1.30385160446167e-07,1.695007085800171e-05
bbob/16/7/0,16,30,0.25049763150005055,0.4574895241457614,25,5,0,-0.5711111111111111,7.056817412376404e-05,0.005433749407529831
bbob/16/7/1,16,30,0.2437411674757127,0.4332712569420803,25,5,0,-0.6377777777777778,1.0609626770019531e-05,0.0010079145431518555
bbob/16/7/2,16,30,0.36633888407609444,0.616361035103732,26,4,0,-0.5888888888888889,9.98377799987793e-07,0.0001138150691986084
bbob/16/8/0,16,30,0.22463376919125722,0.36576564539136247,22,8,0,-0.4066666666666666,0.008142979815602303,0.2768613137304783
bbob/16/8/1,16,30,0.23741704526621268,0.3742407278749034,22,8,0,-0.4377777777777778,0.006639536470174789,0.23902331292629242
bbob/16/8/2,16,30,0.2072595149102491,0.5322925685493068,28,2,0,-0.7466666666666666,1.6391277313232422e-07,2.09808349609375e-05
bbob/16/9/0,16,30,0.25525337168984225,0.5000478043839314,24,5,1,-0.63,2.364745945098838e-05,0.002057328972235989
bbob/16/9/1,16,30,0.17559291300971533,0.3705596020148023,24,5,1,-0.5122222222222222,0.0002085902932042624,0.012515417592255744
bbob/16/9/2,16,30,0.2171709145009518,0.41795209943700884,26,3,1,-0.5922222222222222,9.50124893198109e-05,0.006840899231026385
bbob/32/1/0,32,30,0.28317557074756405,0.5963170627173314,30,0,0,-0.8688888888888888,1.862645149230957e-09,2.682209014892578e-07
bbob/32/1/1,32,30,0.35972332747258695,0.6856830978564731,28,2,0,-0.76,9.98377799987793e-07,0.0001138150691986084
bbob/32/1/2,32,30,0.3613687181439523,0.6254768205869561,24,6,0,-0.6777777777777778,2.348795533180237e-06,0.00025836750864982605
bbob/32/10/0,32,30,0.3308731576042843,0.4724587971527372,22,7,1,-0.38555555555555554,0.0038930850466589546,0.14793723177304027
bbob/32/10/1,32,30,0.3242173217921709,0.549828554862323,24,6,0,-0.5622222222222222,9.90256667137146e-05,0.007030822336673737
bbob/32/10/2,32,30,0.27623577670088395,0.40722434062727847,19,11,0,-0.3422222222222222,0.015460003167390823,0.41973209535681855
bbob/32/11/0,32,30,0.05324860226392759,0.12958318242816536,16,7,7,-0.27222222222222225,0.051587867206812466,0.9285816097226244
bbob/32/11/1,32,30,0.07699256449227668,0.10860849955775581,18,8,4,-0.28222222222222226,0.09122604398406978,1.0
bbob/32/11/2,32,30,0.010579255231221737,0.054870880820884954,16,9,5,-0.1988888888888889,0.115474887760127,1.0
bbob/32/12/0,32,30,0.2587268607392146,0.5183115210530834,25,5,0,-0.62,2.366676926612854e-05,0.002057328972235989
bbob/32/12/1,32,30,0.2716510621792097,0.5399456184742719,24,6,0,-0.6111111111111112,9.220093488693237e-06,0.0009035691618919373
bbob/32/12/2,32,30,0.23659925716922428,0.47398776134675963,27,3,0,-0.6244444444444445,5.718320608139038e-07,6.919167935848236e-05
bbob/32/13/0,32,30,0.44045401073258283,0.6666895079033515,25,5,0,-0.6333333333333333,1.1920928955078125e-06,0.000133514404296875
bbob/32/13/1,32,30,0.41907901734980174,0.671345266679777,26,4,0,-0.6,3.049522638320923e-05,0.0025920942425727844
bbob/32/13/2,32,30,0.45031103272085793,0.6711064548357654,28,1,1,-0.6677777777777778,1.3181208948734449e-05,0.0012126712232835694
bbob/32/14/0,32,30,0.3772523402976859,0.6232980247018639,25,5,0,-0.5688888888888889,1.597777009010315e-05,0.0014379993081092834
bbob/32/14/1,32,30,0.370535646503751,0.5030545093728855,21,9,0,-0.3977777777777778,0.0027663204818964005,0.11895178072154522
bbob/32/14/2,32,30,0.2139315410609368,0.40482657047667103,25,5,0,-0.5777777777777777,8.856505155563354e-05,0.006553813815116882
bbob/32/15/0,32,30,0.30712477313619824,0.572626917440729,26,4,0,-0.6422222222222222,9.90256667137146e-05,0.007030822336673737
bbob/32/15/1,32,30,0.3289266897301722,0.5774349210097345,27,3,0,-0.6222222222222222,8.326023817062378e-07,9.658187627792358e-05
bbob/32/15/2,32,30,0.34363410360903085,0.5761299069691697,24,6,0,-0.5577777777777777,6.286613643169403e-05,0.004903558641672134
bbob/32/16/0,16,30,0.4456561394274398,0.5455548649750853,19,9,2,-0.29555555555555557,0.01900379037783669,0.46323700807988644
bbob/32/16/1,16,30,0.5672144075139136,0.6482865336552792,17,8,5,-0.2433333333333333,0.09263052317984789,1.0
bbob/32/16/2,16,30,0.6094845948387221,0.637787878642195,14,9,7,-0.01666666666666672,0.5230089917974712,1.0
bbob/32/17/0,32,30,0.36224866504843156,0.5524616951465086,26,3,1,-0.63,6.5306818420991045e-06,0.0006651746975835256
bbob/32/17/1,32,30,0.43967509026006,0.5947850073852777,22,8,0,-0.4177777777777778,0.0006084088236093521,0.03224566765129566
bbob/32/17/2,32,30,0.3971568245645104,0.5550133794443808,23,6,1,-0.3766666666666667,0.0036337564975753973,0.14171650340544048
bbob/32/18/0,32,30,0.37548709368406374,0.5873145391215967,27,3,0,-0.6044444444444445,2.7623027563095093e-06,0.000298328697681427
bbob/32/18/1,32,30,0.3553451614215454,0.586477571456587,24,4,2,-0.5711111111111111,0.00011890609974290849,0.007966708682774869
bbob/32/18/2,32,30,0.2920540681008994,0.3787504854009009,22,7,1,-0.2766666666666666,0.014990431977029234,0.41973209535681855
bbob/32/19/0,32,30,0.48268023558871004,0.6071538328027128,21,8,1,-0.3122222222222222,0.007100609066184297,0.24852131731645039
bbob/32/19/1,32,30,0.365796051769365,0.5971753974159244,25,4,1,-0.5700000000000001,0.00016113557960971867,0.010151541515412275
bbob/32/19/2,32,30,0.36242626671141026,0.5868287864932284,26,4,0,-0.5822222222222222,8.326023817062378e-07,9.658187627792358e-05
bbob/32/2/0,32,30,0.24780216667383778,0.5236558191102129,28,2,0,-0.7111111111111111,2.551823854446411e-07,3.240816295146942e-05
bbob/32/2/1,32,30,0.20759340586833297,0.36397892288562433,21,9,0,-0.45999999999999996,0.001038169488310814,0.051908474415540695
bbob/32/2/2,32,30,0.2708819142277539,0.5148726423280905,27,3,0,-0.6777777777777778,2.551823854446411e-07,3.240816295146942e-05
bbob/32/20/0,32,30,0.34085736135548317,0.516984010042646,24,5,1,-0.4922222222222222,0.0002472104677189815,0.014338207127700925
bbob/32/20/1,32,30,0.40698894927746454,0.6430389374852044,23,7,0,-0.56,7.056817412376404e-05,0.005433749407529831
bbob/32/20/2,32,30,0.3317860442761856,0.5636203083626691,26,4,0,-0.5333333333333333,7.994472980499268e-06,0.0007914528250694275
bbob/32/21/0,32,30,0.5556302677979187,0.7051435706827868,24,6,0,-0.4311111111111111,0.001718590036034584,0.07733655162155628
bbob/32/21/1,32,30,0.5939463180913856,0.760707609164069,26,4,0,-0.48444444444444446,4.4075772166252136e-05,0.003614213317632675
bbob/32/21/2,32,30,0.5674558688490056,0.7054080871252104,25,5,0,-0.31999999999999995,0.0006665531545877457,0.03399421088397503
bbob/32/22/0,32,30,0.6607825950669903,0.7454696562241285,20,10,0,-0.3088888888888889,0.012047622352838516,0.34938104823231697
bbob/32/22/1,32,30,0.6735443585958125,0.7508212317258415,21,9,0,-0.31999999999999995,0.02084985189139843,0.4795465935021639
bbob/32/22/2,32,30,0.7217093479980433,0.8107683379996082,20,10,0,-0.40222222222222226,0.018529480323195457,0.46323700807988644
bbob/32/23/0,32,30,0.564710781620168,0.6193767845341305,10,9,11,-0.14111111111111108,0.44450890263539566,1.0
bbob/32/23/1,32,30,0.6675269515923283,0.6367809996392473,6,13,11,0.08333333333333326,0.19783306556714142,1.0
bbob/32/23/2,32,30,0.5886014327677818,0.5333853783035131,9,12,9,0.24555555555555553,0.1592244176320513,1.0
bbob/32/24/0,32,30,0.4286963013302207,0.5783975680780117,20,9,1,-0.33666666666666667,0.004775081659652943,0.17667802140715888
bbob/32/24/1,32,30,0.41365945211175387,0.5126863554952092,19,10,1,-0.21444444444444444,0.045484489171984846,0.9096897834396969
bbob/32/24/2,32,30,0.42932297379653456,0.5888706818065266,18,9,3,-0.3277777777777777,0.001647999596728128,0.07599762082099915
bbob/32/3/0,32,30,0.2954786141089005,0.5746709300401278,27,3,0,-0.6511111111111111,1.30385160446167e-07,1.695007085800171e-05
bbob/32/3/1,32,30,0.29295540859590374,0.5236345526711439,27,3,0,-0.7022222222222223,6.910413503646851e-07,8.223392069339752e-05
bbob/32/3/2,32,30,0.38996297311375144,0.6648732311619265,27,3,0,-0.7088888888888889,5.718320608139038e-07,6.919167935848236e-05
bbob/32/4/0,32,30,0.4091939355082396,0.549086965757752,18,12,0,-0.4111111111111111,0.00993151031434536,0.3125426252413386
bbob/32/4/1,32,30,0.34655759424697874,0.4278814174265574,19,11,0,-0.19111111111111112,0.10943205840885639,1.0
bbob/32/4/2,32,30,0.35024583809641463,0.5197608911277117,21,8,1,-0.3944444444444445,0.00976695703879183,0.3125426252413386
bbob/32/5/0,32,30,0.35388723024784874,0.7130699626664859,30,0,0,-0.9511111111111111,1.862645149230957e-09,2.682209014892578e-07
bbob/32/5/1,32,30,0.31474215779738035,0.7724959158748254,30,0,0,-0.9377777777777778,1.862645149230957e-09,2.682209014892578e-07
bbob/32/5/2,32,30,0.2744272367553151,0.7095183425282907,30,0,0,-0.9711111111111111,1.862645149230957e-09,2.682209014892578e-07
bbob/32/6/0,32,30,0.31806186597732566,0.6224169740473905,29,1,0,-0.7466666666666666,9.313225746154785e-09,1.2665987014770508e-06
bbob/32/6/1,32,30,0.31194391783082687,0.5948389692117344,27,3,0,-0.7822222222222223,6.910413503646851e-07,8.223392069339752e-05
bbob/32/6/2,32,30,0.2552123575079669,0.5277056287448036,26,4,0,-0.6555555555555556,2.0798295736312866e-05,0.001851048320531845
bbob/32/7/0,32,30,0.49089006736978474,0.6674227833581601,24,6,0,-0.4355555555555556,0.00023163668811321259,0.013666564598679543
bbob/32/7/1,32,30,0.2754310293869615,0.5309889271536073,27,3,0,-0.64,3.2391399145126343e-06,0.00034658797085285187
bbob/32/7/2,32,30,0.3395874076315383,0.6696162302147038,26,3,1,-0.7677777777777778,1.4546102398789703e-05,0.001323695318289863
bbob/32/8/0,32,30,0.2242988968976311,0.5412341514716758,29,1,0,-0.8222222222222222,3.855675458908081e-07,4.7810375690460205e-05
bbob/32/8/1,32,30,0.28898240669950964,0.514038217202224,27,3,0,-0.7177777777777778,6.910413503646851e-07,8.223392069339752e-05
bbob/32/8/2,32,30,0.24914533605809122,0.5366832784549379,27,3,0,-0.7844444444444445,4.7124922275543213e-07,5.749240517616272e-05
bbob/32/9/0,32,30,0.4689856780647195,0.6341746361468334,24,6,0,-0.48,9.90256667137146e-05,0.007030822336673737
bbob/32/9/1,32,30,0.42807827952066796,0.5907970412720931,24,6,0,-0.4755555555555555,3.904104232788086e-05,0.0032404065132141113
bbob/32/9/2,32,30,0.41178356779493785,0.5476598363978579,22,8,0,-0.3222222222222222,0.0029870010912418365,0.11948004364967346
