dim,gap_type,approach,auroc,fpr95,aupr,spearman,aurc,oracle_aurc,jsd,mi,nlpd,brier
1,empty,distance_evidential,0.9870587375269564,0.08812749003984065,0.9860820235192358,0.5836700643266279,0.1039525218417559,0.07016303792411088,0.8893693491231517,0.902355771404255,0.7073005735586356,0.12738964700392696
1,empty,standard_disagreement,0.5589864395628495,0.5486852589641434,0.593933969634303,0.11319737984233479,0.1970348521250491,0.07016303792411088,0.6889858748850882,0.659694484076157,1.0332467103920793,0.18881710462643123
1,sparse,distance_evidential,0.9801410870280347,0.08749003984063744,0.9693001048814385,0.3692457863615203,0.09042433893574181,0.05045498130645835,0.8448328533304966,0.847302415471646,0.5412237588350255,0.23394438295513587
1,sparse,standard_disagreement,0.9671464600314339,0.23593625498007967,0.9604419643508509,0.351268127559126,0.09199189236092392,0.05045498130645835,0.9125380898760501,0.9088388700625037,-0.22945425041190398,0.13152380779163064
2,empty,distance_evidential,0.9915137354497354,0.056380952380952386,0.9890321524465568,0.28862627951338576,0.1164998979267714,0.0645762335960051,0.8953786252270776,0.9037881100862762,0.6267552958884637,0.14311104627791577
2,empty,standard_disagreement,0.6556768677248677,0.6370285714285714,0.528313213035537,0.16042202705075176,0.1262642702230853,0.0645762335960051,0.42981794131498235,0.4175733280656197,-0.015265227513408126,0.2134888166826446
2,sparse,distance_evidential,0.9377925079365079,0.41131428571428574,0.9184556598403539,0.09993163052734313,0.11235735145122876,0.05648719487155529,0.6197509068693484,0.6410243184617603,0.5629306455708789,0.23104732557845734
2,sparse,standard_disagreement,0.682298582010582,0.6513523809523809,0.565092319052243,0.09072231175285028,0.11329223614910561,0.05648719487155529,0.3814381217140028,0.37326017199340283,-0.06945140729591627,0.20833077799454963
3,empty,distance_evidential,0.8381262786596121,0.5401904761904762,0.7022189289706309,0.30149504184573067,0.15176465235582545,0.09170808814291456,0.4041609737259787,0.40257201446404617,0.8077968994052034,0.24059163691243474
3,empty,standard_disagreement,0.5901044091710759,0.6870476190476191,0.4121106484649183,0.2506112711535807,0.15385466817678847,0.09170808814291456,0.3630024792220666,0.3390546182130611,0.31508784595938827,0.23490662535588847
3,sparse,distance_evidential,0.5149534391534392,0.9134285714285714,0.3420101185490788,0.24146639325069127,0.1373947924723764,0.08092663039556194,0.09946039431913224,0.09244309527923997,0.7533422147188786,0.3068589507262349
3,sparse,standard_disagreement,0.5023308641975308,0.7696825396825396,0.32265973276798304,0.2926098428119467,0.13290083602554684,0.08092663039556194,0.3044748891645519,0.281451099255766,0.25635002350465824,0.25762853668801783
4,empty,distance_evidential,0.6584360317460317,0.787,0.41853364107716823,0.33859633019633023,0.17862432902323988,0.10645464156096004,0.1487158499238498,0.13854881988578302,0.8904184804579297,0.3029045700884935
4,empty,standard_disagreement,0.628159365079365,0.6803809523809524,0.3619712541461192,0.3342537266537267,0.17705756452937554,0.10645464156096004,0.23264838910215743,0.21168049895823735,0.5252574997585588,0.23686236169563185
4,sparse,distance_evidential,0.32392396825396824,0.967047619047619,0.22111314930347073,0.30536275656275663,0.17084015375765954,0.10139030436909534,0.14287819061543908,0.12887792213517602,0.8593865251684817,0.3282230889229997
4,sparse,standard_disagreement,0.5354703174603175,0.7478571428571429,0.29180257814164556,0.3211812987812988,0.1680009083779114,0.10139030436909534,0.196533306297467,0.17527458670007123,0.4840560540090962,0.2590112416041585
5,empty,distance_evidential,0.6145022222222223,0.8068095238095238,0.40860473217027,0.2767736351736352,0.21421821231936286,0.11708407839816906,0.17318837966217607,0.16339284377933122,0.9446956442863057,0.32666517209374357
5,empty,standard_disagreement,0.30372365079365077,0.9347619047619048,0.2327102559664683,0.22748351834595318,0.2152354672841614,0.11708407839816906,0.3652623824465203,0.35321246462355593,0.6573006959359803,0.3007836060530922
5,sparse,distance_evidential,0.2156188888888889,0.9873333333333334,0.202713955142141,0.34526374326374326,0.18459679889870248,0.10456320177623898,0.318354083326633,0.30460997083681446,0.8976687284697221,0.3527231344486777
5,sparse,standard_disagreement,0.2820030158730159,0.9453333333333334,0.22623751543584766,0.34523272390408005,0.18198572703194255,0.10456320177623898,0.37931772965554,0.3696947367274093,0.6018360011063218,0.3057284599052903
6,empty,distance_evidential,0.5124442857142857,0.8539523809523809,0.3185711677028516,0.24789730709730712,0.22630247969222003,0.12088023916559892,0.15233285868823918,0.13926538203122335,0.949763264683194,0.32798663230704983
6,empty,standard_disagreement,0.25803873015873013,0.954047619047619,0.21632437496129742,0.1210572531862295,0.2382357944749973,0.12088023916559892,0.388306220819752,0.3774937332529068,0.725245841993969,0.3056514796898766
6,sparse,distance_evidential,0.12590015873015875,0.9974761904761904,0.18483325897465847,0.343382064982065,0.18236957482730273,0.09679326954964533,0.505998480266885,0.49192938500676314,0.9043343255903245,0.36764795264912176
6,sparse,standard_disagreement,0.2112063492063492,0.9716666666666666,0.20303192246803686,0.33223492863492865,0.18130650682081148,0.09679326954964533,0.42085269251584173,0.40932633033915095,0.6530267483491572,0.32284891676172567
7,empty,distance_evidential,0.4479220634920635,0.8726666666666667,0.2709784340523815,0.15361823241823244,0.21877523523384373,0.10282935402724801,0.1332352633455907,0.11952571802646283,0.9379855589038173,0.35166969091176337
7,empty,standard_disagreement,0.4928639682539683,0.8104761904761905,0.2997744913817956,0.12481788041788042,0.22176024582715803,0.10282935402724801,0.1636235038588046,0.14624409419786302,0.759030484122363,0.2674625290402763
7,sparse,distance_evidential,0.12692714285714285,0.9984285714285713,0.18456615633098444,0.28850862370862373,0.18509410125554562,0.09236206558785615,0.4709922877367571,0.45932735393611246,0.9058950689637868,0.3722004704476533
7,sparse,standard_disagreement,0.2694968253968254,0.9692380952380952,0.20938074044184055,0.25371243771243773,0.1867136014721845,0.09236206558785615,0.20879671996051138,0.19040942341771172,0.7091382402433855,0.29640024483737115
8,empty,distance_evidential,0.18432920634920638,0.9816666666666667,0.193393557730563,-0.10737518457518459,0.44838704918616734,0.15555758950299786,0.41586595285472766,0.39816305094984705,1.0899300063028186,0.38319031787199914
8,empty,standard_disagreement,0.2131526984126984,0.9751904761904763,0.20210190094731093,-0.1234831082831083,0.4514955648138133,0.15555758950299786,0.4026549158025873,0.3892237303289768,1.0439195164747996,0.3345581344343368
8,sparse,distance_evidential,0.06824063492063491,0.9997142857142857,0.17326230032306103,0.2909395005395005,0.19713403321499995,0.09765028095841134,0.610069306587112,0.6081648608253729,0.9363525025755396,0.4019140465529286
8,sparse,standard_disagreement,0.17371444444444445,0.9876190476190476,0.1887871405681983,0.266601811001811,0.19870489955538842,0.09765028095841134,0.3691924653568525,0.3636919393595493,0.7657636442824038,0.3510632626517451
9,empty,distance_evidential,0.2981726984126984,0.966,0.2153510991422709,0.02133325533325533,0.43002552131231914,0.1805815415815731,0.17631386343663408,0.16183190337298622,1.1598839170969562,0.3877989356612414
9,empty,standard_disagreement,0.346454126984127,0.9589523809523809,0.23143517119149004,0.022405630805630804,0.42626622161156347,0.1805815415815731,0.12930653713814763,0.11760989973614498,1.0790208841774613,0.3273677541519476
9,sparse,distance_evidential,0.1275477777777778,0.9998095238095238,0.18299935369238646,0.19011792131792132,0.30475795631520325,0.13834399141156128,0.4788163457209113,0.47729355294789344,1.070564640064264,0.4072252159021779
9,sparse,standard_disagreement,0.337108253968254,0.9792857142857143,0.2682724873612211,0.15549986909986913,0.3139135349414174,0.13834399141156128,0.22330642936362938,0.21062989902787682,0.9635259668599248,0.3322798763457471
10,empty,distance_evidential,0.3275465079365079,0.8871428571428571,0.22964885312132924,0.1275835087835088,0.29296114442188526,0.1444658147863069,0.27309157476645013,0.2485206087814157,1.0499774530828363,0.34930241085972746
10,empty,standard_disagreement,0.17388746031746033,0.9846666666666667,0.19238210981738943,-0.02597807052634303,0.320163984644315,0.1444658147863069,0.4631685405684915,0.4502619924660004,0.9095095446585487,0.34051595121551226
10,sparse,distance_evidential,0.016549365079365084,1.0,0.1689412340516677,0.33952507032507034,0.19367177499450886,0.09411003006434528,0.8543987707398412,0.854576477731649,0.9724718233424966,0.3961967622473492
10,sparse,standard_disagreement,0.09404888888888889,0.9966190476190476,0.17840536724973627,0.34035632035632035,0.18899307629002202,0.09411003006434528,0.5994171308443051,0.5854249274221529,0.774269181493479,0.3663242121969469
11,empty,distance_evidential,0.15700285714285714,0.9801428571428572,0.18419530023439284,0.21646323526323527,0.2633826229827445,0.0823914140933585,0.3486151374098621,0.32381504743691114,1.2947245400495404,0.2687189125135581
11,empty,standard_disagreement,0.1863209523809524,0.9885714285714287,0.18812612374734272,0.25185863745863746,0.2439664543971553,0.0823914140933585,0.29104039899581335,0.26811096316622457,1.2542416094923392,0.28052550896453426
11,sparse,distance_evidential,0.08785142857142858,1.0,0.17675582382896335,0.21721608601608602,0.2542349983629404,0.08350134419088327,0.5595456594801901,0.5729418262340946,1.2756175489043047,0.28857645745626337
11,sparse,standard_disagreement,0.33202000000000004,0.9755714285714285,0.2268328760925614,0.322793855993856,0.21608560315319097,0.08350134419088327,0.12593484871823898,0.11397838465703758,1.218726484022054,0.2572935671710884
12,empty,distance_evidential,0.11637095238095238,0.9904285714285714,0.17856512522559365,0.23606193686193686,0.227024856452884,0.07161267272383648,0.42061526717181585,0.3941240406539085,1.2875952634078616,0.25516509358707395
12,empty,standard_disagreement,0.15401666666666666,0.9922857142857143,0.1831689497365911,0.27082091482091486,0.20714800965122585,0.07161267272383648,0.3410215419137944,0.3174229593311304,1.21224845377485,0.2825957505611743
12,sparse,distance_evidential,0.025030000000000004,1.0,0.16908002755287538,0.2286740790740791,0.2193758430675176,0.07382334177933332,0.7842270523101857,0.7935595316559141,1.2633623066898336,0.2821232726837006
12,sparse,standard_disagreement,0.23339619047619048,0.9901428571428571,0.19768866233737542,0.30850684930684935,0.19502127403515196,0.07382334177933332,0.22372044018363732,0.20350449937344886,1.2051745391601427,0.27113529778313206
13,empty,distance_evidential,0.11418285714285714,0.9892857142857142,0.17823146211257895,0.1717912513912514,0.24412968059704188,0.06813731385605531,0.4200562564821545,0.3955806038074747,1.3197684114226607,0.24792311410933943
13,empty,standard_disagreement,0.15855666666666668,0.9965714285714287,0.18361268995896088,0.21461903621903625,0.22311892900107497,0.06813731385605531,0.32381646889135773,0.30559106566588806,1.3453004518396134,0.2810263097093594
13,sparse,distance_evidential,0.027597619047619048,1.0,0.16952052958466213,0.14740103500103502,0.2419923240639265,0.0705824867298585,0.8026607896614273,0.8110949681313876,1.3004645231688472,0.2782402934341435
13,sparse,standard_disagreement,0.29293857142857144,0.9708571428571429,0.21428648000981454,0.2592495540495541,0.2011741951830634,0.0705824867298585,0.18578157583237234,0.16560715005698876,1.2801029264893398,0.26481330033273603
14,empty,distance_evidential,0.08617904761904763,0.9908571428571429,0.17526826176431748,0.1878723690723691,0.19527935037699878,0.060860730299248655,0.4900753170781812,0.46325297689774986,1.2077808783510822,0.24720111342091572
14,empty,standard_disagreement,0.13201666666666667,0.9977142857142857,0.1794462767509502,0.22512498912498913,0.181214798186706,0.060860730299248655,0.3724173898119907,0.3538036343843721,1.0903599732680418,0.28631707789568156
14,sparse,distance_evidential,0.027919523809523818,1.0,0.16937485791787937,0.20104332184332185,0.18916105973187336,0.06209130556189953,0.8218449348562304,0.8370143567264909,1.1685114252713646,0.2792698082614185
14,sparse,standard_disagreement,0.23828238095238094,0.9918571428571429,0.20135303411001812,0.26575470655470657,0.17050711095514454,0.06209130556189953,0.22092091567578062,0.20434265956772535,1.0649253551118483,0.2719264869499094
15,empty,distance_evidential,0.06773095238095238,0.9902857142857142,0.1740520813787291,0.16656638376638377,0.22424780000275318,0.05915817355708266,0.539965804097964,0.5103655175757263,1.3079812239290782,0.24417214197764991
15,empty,standard_disagreement,0.10319285714285713,0.9981428571428571,0.17628970009368417,0.20545662865662867,0.20114209645094383,0.05915817355708266,0.4115881068514705,0.3880034268262115,1.4163536434945885,0.28901422692035295
15,sparse,distance_evidential,0.008654285714285715,1.0,0.1684482683188512,0.15805022965022966,0.21055686691504288,0.05939001908813111,0.914649116481109,0.9212172646727357,1.28180900161987,0.27128386431099827
15,sparse,standard_disagreement,0.24917857142857142,0.9785714285714286,0.20192923648032773,0.24082307242307244,0.17894791767812485,0.05939001908813111,0.21045422775767597,0.18874773613017554,1.3064762865850814,0.2755420366913996
